1|tibia
2|tibia
3|aion_3
4|zezenia
5|wow
6|blade_and_soul_neo_6_1739368430247
7|archeage_64x
8|tos
9|ffxiv
10|lineage2
11|eso
12|tera
13|208391f39cb017111e57d441909b82c4
14|rfonline
15|medivia
16|lol
17|dota2
18|424e26f3e0b801a8a5af6e8a4699eb6c
19|teamspeak3
20|skype
21|guildwars2
22|path_of_exile_22_1762798665826
23|smite
24|albion
25|mulegend
26|wot
27|neverwinter
28|icarus_28_1747327881360
29|skyforge
31|diabloiii
32|conquer_online_32_1758314100541
34|starcraftii
35|s4league
36|blackdesert
37|revelation
38|gta5
39|tom_clancy's_the_division_39_1754504042370
40|rocketleague
41|chrome
42|firefox
43|opera
44|muonline
45|h1z1
46|infestation
47|battlefield_v_47
48|combatarms
49|hon
50|crossfire
51|cabal
52|warface
53|paragon
54|ageofwushu
55|perfectworld
56|brawlhalla
57|paladins_57
58|pointblank
59|ragnarok2
60|ragnarok1
62|minecraft
63|blocknload
64|fsfootball
65|warhammer
66|aika
67|royalquest
68|survarium
69|goonzu
70|getamped
72|4story
73|lastchaos
74|transformice
77|330f0ec84a751b24a12b517dc2d97cfe
78|lms
79|c9
80|bloodstone
82|dragonnest
83|gears_of_war_4_83
84|mirage
85|ultimaonline
86|darkfall
88|cloudpirates
89|phantomers
90|eveonline
92|rust
93|rainbowsix
94|hyperuniverse
95|dbog
96|blacksquad
97|fortnite_97_1760912311107
98|fifa18
99|strife
100|bloodstrike
101|garrysmod
102|bronson
103|quakechampions
104|heroesevolved
106|discord_106_1748541455812
107|kritika
108|warframe
110|zmr
111|dungeonsdragons
112|allods
113|metin2
114|blackshot
115|grand_fantasia_115
117|deadbydaylight
118|lifeisfeudal
119|worldofwarships
120|operation7
122|zula
123|knivesout
124|battlestar_galactica_124
126|rulesofsurvival
127|trove
128|nostalrius
129|planetside2
130|monsterhunteronline
131|escape_from_tarkov_131_1739552603177
132|soulworker
133|survivorroyale
134|ironsight
135|mabinogi
136|pristontale
137|secondlife
138|hots
140|insurgency_64x
141|destiny_2_141
142|64x64sea
144|64ffifa
146|europa_client_1_101
147|nclauncher
148|blackdesert
149|pokemmo_1-0
150|lostark
152|Dauntless64x
153|blessgame
154|stove64
155|apbreloaded
156|garena
157|nexonico
158|vindictusico
159|voyagecentury
160|cc6ec8c81260733a5b36fa1dd75c4a18
161|realmx64x
162|sfv
163|8cc104c8daa3766c2b17b0a63c577962
164|maplestory
165|mundosperdidos
166|warcraft3
167|closers
168|aura
169|55fd62804ef24bb9145533a28efd7102
171|battlerite
172|a235d64e7b371d7350ffacce2e0526f6
173|leagueofmemories
175|hunt:_showdown_175
176|creativedestruction
177|scum_177_1750478787603
178|maplestory264x
179|gla
180|redcrucible
181|jadedynasty
182|assaultfire
183|mta
184|nox
185|battleforge
186|07feecb6c1831f1f5df1b35dd1ab4725
187|8a01014effe603b079cccecffd83414c
188|vivaldi
189|ascendant_one_189
191|kurtzpel
192|elsword
193|13992bb815403ef23daaeb861a307b05
194|cyphers
195|chromium
196|moc_196
197|ddo
198|nexustk
199|fightcade
200|dcuniverse
201|legendsofaria
203|blackdesert
205|crowfall_205
206|gamecity
207|archeage_jp_207
209|atlas_icon
210|mohaarevival
211|electron
212|3b7ff62eb651f771ef3be708851e41c2
213|e5854a8e8e3bcac57f2d95d340f30467
215|latale
216|sudden_attack_216
217|apexlegends
218|pso2
219|eudemonsonline
220|steam
221|dfo
222|4ae399dc3474ad0793136d4c72273b8e
223|kalonline
224|uplay
225|division2
226|maplestory
227|freestyle2
228|warthunder
229|maplestory264x
230|c27e3865f3d82c21cdc649785c93d1d1
231|stone_age_231
232|befc41daf6fc75e58545f454d3296c43
234|nexonplug
236|nordicwar
237|world_war_z_237
238|pagan_online_238
240|et
241|peria
242|ldplayer
243|7f4dbc365e021855cf9108dd3e9f258c
244|gameloop_244
246|Mordhau
247|maplestory264x
248|conanexiles
249|memu
253|origin
254|lostark
255|gamecentermycom
256|arma3
257|bluestack
258|conquerorblade
259|4game
260|6e0971e678ad8b986a90e837571a28da
261|300
262|specialforge2
264|conquer_online_private_264_1758314151787
265|ragnarok1
267|rift_x64_1-64
269|swords_of_legends_online_269
270|astellia64
271|forhonor
272|warface
273|anthem
274|knight_online_274
275|saintseiya
276|blueprotocol
277|agmaio
278|cryofall
279|closers
281|lotro
282|startrekonline
283|liveforspeed
284|outlaws
285|jx3
286|wurmonline
287|enmasse
288|gloriavictis
289|borderlands3
290|eternalmagic
291|nba2k20
292|mumu
293|call_of_duty:_modern_warfare_293
294|fifa20
295|frontiers
296|mtga
297|apoc
298|closers
299|euro_truck_simulator_2_299
300|dayz
301|archeageunchained
302|dragona
303|rockstar
304|warhammer_40000_rogue_trader_304
305|cyberhunter
306|dekaronrising
307|musou_online_307
308|footballsuperstars
309|guardians_of_ember_309
310|8b92370fcfa939cd2b8ba15deb3f56cb
311|epicgames
312|ageofempiresii
313|swordman
314|identifyv
315|pvzbfn
316|7daystodie
317|brave
318|the_cycle_318
319|mechwarrior
320|lifeafter
321|shadowarena
322|piratesonline
323|lineage2m
324|kuf2
325|ghost_recon_breakpoint_325
326|wildmender_326
327|v4
328|silkroad
329|teamfortress
330|grandchase
331|barotrauma_331
332|hellletloose
333|northgard_333
334|seafight.jpg
335|tantra
336|fiesta
337|swg
338|mortal_online_338
339|temtem
340|3904a9bd477a90291b6b9e68e41633cf
341|seal_online_blades_341
342|ge
343|gujian
344|7a32d71043fc4cfe4977e132667b4f9e
345|starwarsbattlefrontii
346|need_for_speed_heat_346
347|bns
349|iosoccer
350|freefire
351|wolcen
352|mulegend
353|rohan_353
355|star_citizen_355
356|hunter's_arena:_legends_356
357|fantasyfrontier
358|order_of_magic_358
360|a7542af060c72b6a4439df48d83e46f0
361|10dca9315bf8e2a0be772114915ba43a
364|573f0114ad46b8a5b82521e59a089643
365|eb84e58b0858bdc10ac3fb42f4dfb6c5
366|c094d31e2770473457014c716bdb4672
367|1fd4532a2c753d2f5fcb92249f16c528
368|f7a2f5437f80936cf6530533d3d98ac4
369|de347a8e7761614859d370f9852f87cd
370|701dd5a4e62fac0fe9b7684b07eb8ce8
371|e9e9ec2de5873886c97bd20c9a0a6f77
372|legion_td_2_372
373|696e62569209e6cd9daa68c7857b5932
374|3280a6def4a7250cf9c72e2faadc76c7
376|75d17d6af1e5881c064c56060119befb
377|f29e4fb5f7423f6daea4e50021be087f
379|db8f41770487dff64e94274e5313004f
381|0dcf111910f0ca10439bd04476d899ee
382|33b936955034a61cb831f34f70512c82
383|a00aa53d7acb5b9a7b6eb36597e4ee04
384|0ba66ae9a5b0f2acbd45890d845f1d55
385|07fa736bfbde511a2fb8cfb39dd8fbbb.jpg
386|f41cc0c71a57468a948fb1839553156b
387|ac5c0d30a3481e1768f96a0976923758
388|3e8e3c5fd65b7d00e6a23b18e0ea112e
389|77ebc0c26707c15bfeda0d9472106a47
390|7f196dd9e6c540a88c34bc64fff90f45
391|cded35001aa13c46ad9b513a75fd70e8
392|2d268d72952ddc671dd231a2f27d2c57
393|imperium_ao_393_1768403332545
394|bbc947b5fc2588b42455c03dd6456348
395|d137eef6f1ee1e9472eac582abbb727c
396|bda26e20604d561dd8151e86ddfac6b0
397|21022b1f4bc4e92d4265ea5d531db940
398|6043925f32325ee55b3aa0cde9a90e44
400|fb731cbc328ded7f02b67c77dcece74d.jpg
401|4a94d8e6a4bd5d31b5fd9f885475b9f1
402|3f0247364c3693ccb07cb24f986f15ef
403|sudden_attack_kr_403
404|4b076d805c0ef9281ea44f4d30487976
405|ae62f957a84aa56962220b5fb7d15428
406|4ebddfcf3b7910b72bdc97d78136084e
407|legend_of_ares_407
408|97e2c24b67e69ae7ac5740242ab83d96
409|vo_lam_2_409
410|return_to_castle_wolfenstein_410
411|3ec4afcf7523a3ae2b345c18692d3ed9
412|0c98e27a62515780ca0d28e618602042
413|ef52c57342811f836d966f01a6a273f5
414|315f1d7e9fd133b8c5db67c8a560a9db
415|cb6ea2d8054af995713ff4d743b4d81a
416|6c38c448409f747873cb09d119805546
417|318c9e1f4f6fb57383136076b01551bc
418|9be6c4a91842099aa171b1947f34ffb2.jpg
419|4f9b805eb9ac56d6df452d205fd56b93
420|b20523c06c3545a56efa85d7399ae06b
421|36fb819a865d238c66f9d10cae43c5ae
422|655263b7d4d43ed9199284bae41d7966
423|67843a292d5b2d4188caf52060d23987
424|pandora_saga_424_1766176725850
425|d6e843b711bb3cd22f90755e61e767cc
426|e9da8ff535c0257546683a60e939a9cb.jpg
427|1f853fbdd8866b25136153767492eb6a
428|8f1ea62b2729a7bb1b66a7a93a8ee989
430|6bc22e88f6c057feef82fc55c32477aa
431|f664bec2325b00c3226aa86b91bf6276
432|e31964e2832821f726a8fb397996508d
433|4a49373c5b7c3e23601d27947fb31eab
434|36f5bad6b6d525477d704cfb753a72e7
435|f89ec3d1def69608d3a78d460620e218
436|f2a3bb0d2050f63dbbdedda63f45e00b
438|f6a99151e93d9fc8607765e41da19cbe
439|e46c1bf80d43da9b5ce78723bdc7fca1
440|c5ef007ca57927a5b889f89ae69bae8a
441|a291f70440a87c41727ab4679ddab049
442|913b3fc1314efb40234d5375b5663074
443|2ffca90a15cf231abe3fd2ec02f06f8c
444|3740758b9e001153b02dfac9922ed470
445|af45dc38c7b6a053f6c8347ed6aa3657
446|1a721d7de0bfefc3ec95e22aad3588f0
447|08e4e7478e9e87cf8f70cd0286fe3287
448|miriani_448
449|780fde41a3e145cc1d9e9718ac5f264c
450|ac981715431ac4bea2bf1ab39a0cec3c
451|a3f829bf0929c4b0c5fccc16764be3aa.jpg
452|9bbd6ce2dfb55586fe21f6bc5e69461e
453|a440bd06bcbb2d4dab40a7cedf1e523f
454|ffce4b1c7c6da45558acecb6f144ef68
455|9f9d0cdb04d446f997bf8045b0774d38
456|3764b37d6e2839f2c910e626ed6af649
457|de1d1bee26125317dc28e5fbe0d3bdf6
458|7a3e189dfee22bbb2a60694b6d607f4d
459|29f50eb2f3ae792aafeb3f860f9fe9ed
460|3e3c3e162c092ecb57a2e3205cddef15
461|3938de61fbcdf2f597d4835fc44dfbf5
462|3f377866e89867c5dc1e47b50a8e325c
463|1ad82359b31862e20f9d0ff81695cf3b
464|a2f4f5e4194a2cf10a3f48b378f09dc5
465|3359f4372efaaab0a2b5b5686457adad
466|45cc4c8988e9921f05f466c4d65c255a
467|ccde1d604263ff4a7093ac9b97db0f87
468|4fcde2781703b5500fd16a061a5da32f
469|139c920a26027904d022235c47b3beb5
470|044209417e1d875f874a8e9104ac9511
471|3522b68f3660283059f357c62c6a7077
472|006e78d3f88437e23fffa25118058eeb
473|903f4ffa8babfd535e3eb6a36e5d5c8a
474|6f7366374c9a9a6db733d16922e22ea9
475|9a474538bad09243571c72bfd86683ba
476|9806534afe1024d4a1a7017c7c3148d7
477|tantra_online_477
478|21cfe0420125f0f86df84dbba8cd97de
479|b71a233aec7f6eee67621b55fe896172
481|faf70ae7525aa532f025ae83ca6e74fd
483|quentinc's_483
484|b5a440b99829a6c5e4de431435154e88
485|rising_storm_485
486|11223874b539f8fbe0c3deb28b1bcd97
487|survive_the_wild_487
488|constant_battle_488
489|5ec576b75ae63e79f1fb98950a3122e8
490|vo_lam_490
491|a91c4f632440142f840d7acab0dfdc8b
492|206b04ee3761e3448f8f27bf795455bf
494|fb57b53aa52f1959fd6031ed499dd0d4
495|b961018663965d381ce36a329aa7eb19
497|34e03c893d533b7d69823dca132f7252
498|misty_world_498
499|f047bb20f6b01892f4b527da807b38e6
500|da18dff7483657e4867679064375e13f
502|9de430944f2d3499238b1d446d70e5fe
503|b8fa4f72a58afe1a92868dba091182db
504|95a5c32e72718873733964cfdd1f57be.jpg
505|05c9293c75ca330b7c98ab74776d5014
506|2aa6d7b5838cb2515a30ae61c6f1001b
507|521e35180b08065f3bdbd5c2032c474e
508|8ae7a9cfa826082dd9e61f6e5df51142
509|0f9142665df764a18682a189179295dc
510|b664b5935c8c541e9382a2c144f9e756
511|fa71c79b228d398f45949150cf695993
512|982864889db3b9f31eaf87fe747f10a2
513|6cb1eac4bacf2cbb460c885d66d8498d
514|d6067da74ec3677c71ed68a2f040e4cc
515|4a9ad4a7accf032af04b9cabb1648714
516|home_sweet_home:_survive_516
517|f4124213b9d776262a3e73e5145c2aa3
518|5c62cf8f4f81e2edcfca2d81e68e705f
519|e2129d9903a62ff5b37e24fb7173980f
520|f3b33179f2869cdfc4ec36c62b3fc921
521|e79d00d36b0ec396e7420eebf2d6ccf6
522|monster_energy_supercross_4_522
523|a626741d2c54b6a05866b5d2ef4f1f7d
524|0f7bfbad805d0995e088a178ed76d667
525|8b10d6aa3ad0868e585538a2e152cc48
526|90f720ca316f20f25cddfed7d4b6f7b3
528|09aac7836fbfc28b212f7a094324e778
529|77e56ca32d66b43076675e7dc28418e9
530|bda1744d61e818f1949cdeb050d52aca
531|0bd1455d08cb19058383d2eff06667fc
532|417c21d0171d260c7864619d4887bff9
533|349a055aef9bf31ea6bc085e53b0a2f4
534|1f63ae5cc9e13fc67c48970d16e7c8de
535|twelvesky_2_535
536|1d17cad478e3f717d5297c26d16ef011
537|53912fb174500d917521b533f4ee450f
538|55b56ca29fe3a6ebacfda4bc31ad8441
539|930be201e10619216e022a7966cb1cfa
540|lostark
541|756d8ddf0c05dba8552a958370857c21
542|5fb6deeced10cfe8a459484a8e488e7b
543|1c3cdd37de9273a4f992d820e720266e
544|854a5574edf40d2bc948f2ad182dbd3a
545|664103d0d6d655db1052453e81559ca0
546|c1a58d2678d05315c1e280f3275fa3d3
547|dd40172d66d04f398b1d9a35330854b0
548|96105e11379e2eb190ecb0e04c95ccbb
549|f89c50fc6b207d7254d48ba56ef854ce
550|3ac98146225bdac483efc398766cd331
551|ffcdd979ac26d3d9fac902cbb5ebf870
552|2638077cf19df54739ebc136b35c04e4
553|seraph_in_the_darkness_553
554|5b399795a692e96fe9333a42f0481d41
555|5c727d5b03f9e0b21ea8ce0d7bad87d4
556|80a9229b56bec1103f61837d3843efe2
557|e41bfbc8297744a5879ca4b72c4f1383
558|grandchase_classic_558
559|cdd2219d81a1abd1306affe0eefcce9b
560|3d9d443722540ba4effd9cd708ad742f
561|d6d0c8be5fe4ed6c72d799b90d997286
562|65aa2b4bca6a780e6fe9d635f1d67d80
563|1fe715287444c4740f48ea1a08357934
564|aea9427b0f2a55a191457aad81a91722
565|7028c62f5474180107cea46f69a33d49
566|19313f6ec87ba75508bf9be1006defd2
567|need_for_speed_16_567
568|e5f00d643f510d0e9dc140cbeb1865a6
569|1336b7fd21dd3f412356159c3a80c293
570|05c5798b12db57d01553fba9ec4809ff
571|a4c932c0cf9f85c835fdaff98dd22604
572|a482e699a4cf67d6fbe552a78e94a369
573|418bc81cfeb0bfac94d34c729b1bdcb0
574|12c0522cdaaa1d37f45b0f75fe7eefed
575|c1f4820b9dfa6a22984dbac2b14b1490
576|b67c412420717767776685e070945d79
577|42119a0eda22828cf2d2a2d6fdcc193c
578|4db606555f89088f3a9499482a63c34d
579|xdefiant_579
580|08f0226f35dae5dad80be86774ed13d8
581|85deab8facf02df3a823578519daa2d3
582|humankind_582
583|0aee6c3b86dcf48c6c031d3eea45e445
584|8b98ac155ab770270f9df52db0661901
585|5c3241f53380863510aaaabc6237f738
587|87e12e411b2e4d1084dba81ed6a58243
588|680c91dcbd670ce6bd75493e5e4bb16b
590|8df50938e038d24dd762fccb05580896
591|233fd35bd1dda793c928c0231f6cca02
592|d351073152b1646c4828f686f945879e
593|7fb7335412956e885a1d098576e62d92
594|ff000e4bb0c0fee54f828a3da30a6671
595|260375506f4d816b4a14324cab15fa06
597|aefa435a7d549cb2953fc93d7d0f33a9
598|76bafe2bbfe8356025e42671015459fc
600|f0b4959f92f758c67dca39da8947d9b2
601|bloons_td_battles_2_601
602|d1d92308575da0057903194c9dee807c
603|000752406fc5d6d0469e6162a4af1cb7
604|c5a0756e417bd58ad0f0f0cbab28f20c
606|6a80366394e5fdc90faea839c657febf
607|1d79b9329854d70eda1652d14f1ec618
608|7d1746bd43c9077ba7e8235d37c5c803
609|db0761fdf9f5e6874e5c8eaf8419bda8
610|22b9ebd4ff19cbea39e9bea3922ae2fb
611|6e7a80dca1605fb60ba6ebbdbf985752
612|9ad859abc828ef560ac9471b0bac3e04
613|41fe3c72fb07ae9cc6abbdaad25446cb
614|3b72f6bbd9176ab5c2554eae8703a523
615|f42d1cdee7ff6be427cddd3f2b75426a
616|e405299261e834bf6724022775f03bcf
617|379940e9af86c822b8601dee610746b2
618|892fd9d7a5dd8d6194d331e79b1fcadd
619|78a1fdd8fe8b4b78a04e678f8df931d1
620|9a5018e60b1a539dff0d790ac7f0173f
621|d3599d34c13e834bed74f67aaee38ebc
622|a6d7a647af114af996c04649478ec331
623|fe01c6757c9bb9466075586902a80e64
624|a68689707a446e03130671e69f85a8e4
625|d26d7a8f0ba8c87b69379f484517eea9
627|3d30f8b3787264c9f76cc3d4650cdbe2
628|47a619995415ceda16ba88b37cf261c9
629|c328b184da2db378f48c4b6ceab6efbf
630|27a0cacc2a666a5ff96c25ddf9139a2d
631|993391179950d4748f637e9110a29c60
632|default
633|bc89ecc23c71a29a3239f23c49a1b559
634|0434250738712a7faae94ad1cf42a11e
635|797be8ec78f372a39ea555d64041aa9d
636|6f04316cea71439f6f5ce3524012ef1b
637|265aa42dfc5de2ae87cd4bb06aff52e5
638|28c7702891337daed1a765a08f447191
639|b03d3019b28b7e695246be31bbae716c
640|1c3169fb079d67e590b78b2b696d9b73
641|141716051052c3bc5cad190cde83a51c
642|5ba14b0a630e3c28d83475dd049f9251
644|b110333ef761117c091e55f4f9c1c6b9.jpg
645|62be03d178c66c6f370ccbbf0972114f
649|5ce8cbf817d55d99da76cf9e0fc74a68
650|1aee0b703efa68ae6726775fd8f72e37
651|0b524224991db95850545d694d65fdb5
652|d44f92b316d5e1647717c668eef84361
653|088c0c32fe2fec633e59d146fd106bff
654|43da46fe46512143e42a6b37e28ffe20
655|028f193476bd8b0c1de14f8f480b8a7c
656|e671c559e6f6af917fec74f2c10b9c90
657|3607ca84928336e4065135344b9e40b8
658|50af07f2bed3f538e7b621b92747f48e
659|122ada4b4a725dc12d4f775a86d965cb
660|super_people_660_1750296963168
661|7433148f0f63ebc290461251020d9e78
662|2976e6b3cfeaf93546190e3f9d5ccda2
663|eee2c724121a339d3bf2ecfb8da2855f
664|0ce717ce3098507c8fe2afbc2782e20e
665|369c6aa760d4415d53f445622126d59e
666|f3cd7b8652caa510be2ef074de0a877e
667|e0f374caa7d67ffa5487089de9b3abd6
668|7be83f0e460149e50a63fff2de711d42
669|bff2b33d27fdbc0a6e2299a41e950359
670|6060a65ed60880ec9971c388f8e5f1bc
671|e5d217c23bf195d7d038ee4f266c6321
672|f7c22d28dcbba5f0de412d175194ddbc
673|abac4482b64a260a3144d1df06f10213
674|d9b9ca38bbc01f2eeffdd200e2c4c689
675|e2af73e29d05d941263da0ac6b8614c3
676|50498c80ee1c3c74f33beb0b5f099423
677|23f0f5d357f32ffa4b4a85fe0e2a86c1
678|96d7788da5f9a4f768644e2c3b43890b
679|7f139eebed9f4b1a55e3447513918d78
680|4df72601301bb6d47dd20a806cb575ff
681|beeeb4c37d08ae8cd742cd17e1f206df
682|b5b72522b9477fcff172a8d3ed8d31d1
683|7811108ab1162506a19fae60414798c3
685|0ca0485cb6ca0522a401d6701349bff0
686|e58bbd5525042839da9458a02473421e
687|be8d87ddf44628f7e85407fe30febf84
688|shaiya_688_1766273353243
689|9017998c504daa43ea87c997eb58611b
690|38f63f1f8bfd3f0645262369f2d1cbfe
691|e646b389b6ecab08224b6dbb9805e3ee
692|112b84c13badd954ce2fa012fe676a2a
693|bf8720df948980b6d582c87daea9e730
694|ae6adedb2e3743cc370eea5d9dd1bf97
695|bd2307d5fafcc402a03448ee742d0a5c
700|yu-gi-oh:_duel_links_700
702|76a3b850bbc675cb3ac340ed4eafecf9
703|3bbf9c7a3fdb91dfa8b57dd9d290e9af
704|46f59c5167546cad08e942d84cf0c3e2
706|a82a36894160a386b2fc22043ff7a85c
707|c4f620fdf75cbaf1f0a17b0cc5656c6f
708|a88d34517fbdf6959d73acb4cb12b3d8
709|1089edadc9b9b18b4d5e03dc50620234
710|413bc49c29f56d2b379fa715995d9bf8
711|493d9419fd49d33dcc43d23d525ac826
712|mount_&_blade_warband_napoleonic_712
713|4580cfaf6b6b46750b48e32afd67454a
714|5d59d967187a46121e7499068a810c3b
716|f2c6a87ba43d89483a1d702e08d42517
717|00cb6df89d73686f31837dfb4405c5db
725|b8898fad9b87ac4ac603c2cfde82f1c0
728|f8d8d939457193800c5a1fc0c8b8a493
730|1bbbe62afb234cfab4133d0e80f39f42
731|ba707d2a97952408d35207a11b9c0b00
732|091aa729c2ccb241536622faf528bdcc
733|elden_ring_733
734|36244af309803c1f51111ba9b8ef8aa4
735|1c1099f359f4290b01fe6c0e95d6744a
736|b077b7e01b0fec587cb0a4664a3360f6
738|8ceb769c9052f20b3f572c00e46f9b72
739|20f7afc78e3bf370faaf88d42ade8ea6
740|0684ed83af1616c3c285a23d8768891d
741|949c1b5abd57429b1b12bf47103bad99
742|10d61826697bb3e8b73393947d05c0cf
743|6e2a776b9ffc46aeaebcb036b6c9240c
744|083279a30be416e3ac87c46d7c4066eb
745|d60b7fbf1fd4de23eff428fda3d15df3
746|d6121fae1de15e7230ab6c03c975a734
747|fb188de07b81d5b30a56ce55b5b80139
748|f33bd192bb5b0e04b678e5db2f081204
749|577792d8436f9bc60e482db308b6e64f
750|1b7d3dfafe0fdbf0b3aabd9b918fd25e
751|93c4b0078b0708654b1b8a6d48d12e31
752|1b20a87f3900801d7590c2cda5ee45cb
753|095c7e3fbf9887bd90fe3e2f492a1819
754|73d8369fd950dfe86409b60400cd2625
755|1db4fe65cb8a187a788d6144104c47bb
756|270de3f9110dba36f232c6ddbebda6fd
757|d946e19d561edf28b1e0522d5c9af965
758|2effaf75a5575903a6ed25ecc9e7c3cc
759|2b9d12a52bdcc27ca92c55339e4e2e47
760|d5502b7bf97eea9d8873d0b430a07c6d
761|35ed2da1090218e0a7a9db7d9021c13b
762|f5313cc143d2a5dcf5b47afa9cb120cc
763|2cbeb0701ab22d2db86c0113ccfebf15
764|6ba7552982dfd4da92ca9f51d9a9eba2
765|f9d25f9940faf315c12a5e3d7a7a97c0
786|8127eac65df7fddda1dcb66cdf186950
787|93fd8e23c04e1d4c4d9107e845214444
788|ethyrial:_echoes_of_yore_788
789|6f8e6aa7ee43996f07133ebc972fafa5
790|overwatch_2_790_1762796744127
791|af5df5a82f035451b2a71d46e2453776
792|9c4d7fb1e831344029f28b167fa55f79
793|ffb1ee68e7bc51a39005402d1c0000af
796|100335a5cad1c55354b6796ad873f343
797|db43a7bf45ab307effcc78948ba31cae
798|290bec29478ea9d4404536783e326770
799|0828fcb078973cd3cfb92c4816cb83b0
800|d7cdeba9fc2221efe9492f717a489648
801|quake_2_801
802|9f338c6731e1232f43b3937bea2904ab
803|f493174a4997e2c7d6ea672de61c9722
804|72e2c9f41db978166c56f152f2a362d9
805|d57b50f21818c20d98076c6076f05f18
806|932fde32eac46a7ae076463521fa571a
807|f99454e2b6b1f9e23dfc2bd79342d668
808|291d1348c8678ae87f71fdaf031d54d3
809|6c9f6b541fac1259170e02bf429efd5d
810|4dc8887e26cb40feca1a57e3c7b44606
811|87d8a69873938fbdbd7268fc05124f99
812|15ee9164a897be1331569368048a76fc
813|dc21001965e208c46b44ee8b81657fac
814|3301b8f31eb874eddf73c95c99d72d12
815|b4786b061c6db1938deadddbcfaa414f
816|25abbd970699343fc71f42f16c01450e
817|aec7185ec3674e185e8d7e37a7df2f3f
818|f879544c3a9d2273de1d5d9cb2d9dc57
824|cc824623cd84302165aa7fa99ced454f
825|ravendawn_825
826|aee94073e0f70192474d790efe3a556d
841|d09fff3fbb1e51765923948c9e56881b
842|c3606dde84ea22432cd682845d2d00ec
843|28206b9d8f2cd55a65f130bb5091a7d1
844|halo:_the_master_chief_collection_844_1756335423129
845|e3b97cf9954a1b9f5c164eba54e2b03f
846|2445d038dc297f14c6727f3a43c3d019
847|22ac8b4f644fb730d9c01d91211954aa
848|df73b5dc1e2e2a77e15e8485111d4139.jpg
849|b18309d634f3069b1307cbf4077a839b
850|9623b826cb9a0ab7f4d56b700cbdf210
851|c31c7eebe12ecf18a3aef840bd586860
852|5ff640dace696e004c51e9d9feb0cbc2
853|49311417fc26048634ad90fd6ca71fda
854|311000ccf532aabed686b19260523ab4
855|fb14016dc38ea0ec019e2a9982d04847
856|once_human_856_1757006382728
857|d8cf75a636735e37fdb34846a29bd331
858|71a04c19b4af14b96fb63b0ce1da5b85
859|a364c65c7e55d71e1e2008ce722912a3
860|188fb6fb4ec23f4d1a8524222cd42b60
861|archeworld_861
862|446757fecfcfcd9181c9383e5e425a30
863|232d8631c9e8abe27be81fc5256fdef9
864|8bc2dc40d010ca4c78c254e41344ff34
865|35395ef02e05babc061ef3547da58597
867|2b5e323fa9679179caf2b9f33e58e6e2
868|51d2a03fb269c5a45a6c6c4ef8759c09
871|a684127fce0019d461d2ae10177a80e7
872|fd7038208fd85a9b0efb89606e7990ea
873|039496a68e224c9ef4ebe867046d8135
875|4ae3a09484e04918cb61f61a29fbca3d
879|c11a118fc868ee22077194e0633a19ae
880|3b3081136a3540d7127f7d96035a0b63
881|8c64367b2a09ec5e9e4ed43576043c8a
882|b4259a5aa7a79a03154eae34e811beec
883|94e21ceac128a1886227d5aafd09e76d
885|0855bc1112a057604f0cd61e7f25a94b
886|0c8728d5888e13e2ea6bae8079f1a286
887|4b209ca6f1f28fa8c1162f56ab0f607c
888|3079bbacda80d2cb49b0ed8c4bec9caa
889|0affe4fadadcefa46000820e087794a1
890|aa212e7bd5608d07057d5498bc1da3b2
891|red_dead_redemption_2_891_1762185252225
892|5a76061dba63212317ba65b918708478
893|1a361396577c4768255af71435e67eb2
895|01de164fb5e2a2ccafbc7bc7b48850a0
896|02800eaafbb3ca0f6cda7cd00b867a1f
898|42e07098e4fc0e7e273783a9b4b5db9b
906|3d9f9534da1b1cf6a4ba53f34a69c9a7
907|9107e6def52502ad3480ad144a026334
908|c0ecac35dc5e28cd74eefc1af5c9e75c
909|e765f4a7f701977899aa6a5ac6c89aab
910|abde7cba887a44aff7ef13ac012e635b
911|d923f9e6ddeb83db05bc62cfed25082d
912|5f2be28be033c7cf6b7c89991fe2e8d9
913|b2f4d641d6307ef2fb84e2dbd598aa28
914|007ddb6aa5d0bc16d6686d711f4c79ab
916|46e72dd3e986fab6886fa760fdd49aa0
919|27036a1eeb8d563b899190c38968592a
920|7e991bff0bfd1d4c39c584ed3c654bf7
921|c93bcdbfc4cc894592419d88dab03659
922|44980d89fce5baf451f15413809386f6
923|c040e998fae2baab1de8470ed39cb141
924|dedb477b29dcd49ca6ad23a8be5dcd70
925|d049c071f0236fe59c6c6c0ad934c68f
926|bdbe2b276f8f19f286141fc7b784d974
927|29981c15411974980888020237eeb155
928|4f84db57295d648eaece29d01874c86c
929|d368394db301da59cef7b0fbc4f2d4e7
930|ea9246946f08aba1a850112da76cc282
931|bb26b4b8eab53e1dbbe8fb4ffe4ff98e
932|5c1b1f609c6a11857cdd974e76db4600
933|520ebd0430fd38b1816d4eb46eb3ca9c
934|a819cf2a5612a7dc1ee0fdf389b99310
935|3746408a6af47ed1caf5c536160d3de0
936|e6f565f310f66d618e90b4b0da3e5562
940|19f757b850444d09fd3afbde9e5507e1
941|ccd7382c904afc0651875959b057a5c8
942|20d9596ac47b30777fee19ed13e89aa8
945|6b819deb8d73f1f873abd126b2497753
949|da56710942f1465d7fa604c32f554559
950|ae2a55b93260280228457b77520b2a3d
953|71d582130564ae89e7fe7b8ca4964af3
954|7e802e40d7ccf5c543acd755aca0b0b3
955|1bf32d2b5ed41f9b9dbdf13052f51a35
956|4e289dcf705c5e8394c0ac3f1acde2f9
957|call_of_duty:_mwii_|_wz2.0_957
958|d555c3aee5ceb907db8b4dd96eed526a
959|d610d1e15ac8f9ff9c6d37f7bc015fce
963|42de9b5261033629eb491e8e58924e26
964|a375b54ed828df6be427e8933b64f4ce
965|ef7dc769ce18accc161cca9d8d71b49f
966|2ca8d8eba9c492a2c74e5494f996bfd2
972|8a9b82e1c45ab84df738a73891986e7f
988|fd83a92089eebdc398ca8e53e1b7f03c
989|c572af17a5102162ca896725d7d2bb94
1005|ee8ed2a2a4b88b472b43465ec7240f61
1006|soldat_2_1006
1007|18aae79946be6cee784ca3f39880dc61
1008|8d53bca47a993dc8f50d63103d01aabb
1009|cde98cdeeccb9e915e5e64fc900cc3c6
1010|d184e3e2bd83617e8513a7c0014f4c51
1011|honor_of_heirs_1011
1012|62b2183962cdb2b7e3a50d5104a5b7a7
1015|predecessor_1015
1016|00776b3d521e0b78b8ba57dc864743f1
1031|c452f9800b3f6c2cd0e046b7fcba4d70
1045|d548a9c28782cadb7bf32055088d597e
1046|stun_nat_1046_1740765569913
1047|5ef1d4c0dad634cc94f65438f64e18fd
1048|2020ff4443e8cbdb3334862f20b90773
1049|a10e7c5ff0a1c8ab2c2741d47c59d214
1057|859ab8f1fbae1d603a0d529b27905893
1058|f72b56e277506e691a7628cea3779d79
1059|859c091ab06ff0c66d1c81cff191ee92
1060|98f6e5562a9d13c27f2728518f56b17f
1061|f5473f57208b997acbaeea2025dafc65
1062|026290285d6e81edd53bfc769c05330b
1063|b65c6eafc09cd5bb261fa30798edb500
1064|star_wars:_the_old_republic_1064
1088|6f3682265344da4086b5cade0d25c738
1089|7c8207caaa844e328adb162292ffac6e
1090|7642c24a3c2efa49fae5cd55ed106651
1101|644f90dd34b9de14c79f43fa1e9befbe
1102|4b97fcbfe9404f331c5dec8631216d22
1103|3fc8346d3a5ef6e6c93e660c5c58ca5f
1104|0296b491b3f4841dfb67b1740067aac7
1105|123dcba80c755d2a7382ffaed78c9b6d
1106|8530c1b97f11a30e615e942734cd55f2
1107|98dc4a8dddc984d5fe734c875e69cdda
1109|2df0b893c2727699cafbf719462b1b2a.jpg
1110|ab8f1792c570d5fe7d915d0219199f68
1111|543b7f58899422e0e98c1d7a13a85294
1113|f1d2637baa74fb809711905f26b362bc
1115|baram_1115
1116|dd08c327e07060270fcdb46483c31c4d
1117|a988aae5d17c2df7d15acdf6430eab93
1118|481f6417fb34bac6f0256f90c58cabf3
1119|587e55bcad2912aeb7bf28fc57a7b4b9
1120|dc0722bf1f6a59e008cf9523fdb5c054
1121|16eb48dcbc6e1f0673c4b4e779a8ab9d
1128|a4a8feb6be7bf033d53699b69e6c8f33
1129|bless_global_1129
1130|hurtworld_1130
1131|state_of_decay_2_1131
1132|avatara_1132
1133|warlander_1133
1138|axie_infinity_1138
1139|burning_soulworker_1139
1140|whatsapp_1140_1768495052100
1142|pirates_of_the_burning_sea_1142
1143|ranked_gaming_1143
1145|battle_of_sea_1145
1146|dragon_nest_launcher_1146.jpg
1147|undisputed_1147
1148|rising_storm_2_vietnam_1148
1153|book_of_yog_idle_rpg_1153
1154|kartrider_drift_1154
1155|gersang_1155
1157|arkadia_sun_1157
1158|cosmic21_online_1158
1159|nightwalker_1159
1160|goddess_of_victory:_nikke_1160
1161|ea_launcher_1161_1755216888519
1162|divinity:_original_sin_2_1162
1163|r2:_reign_of_revolution_1163
1164|insanity_flyff_1164
1165|sons_of_the_forest_1165
1166|wild_hearts_1166
1167|blood_bowl_3_1167
1170|ragnarok_begins_1170
1171|grid_legends_1171
1177|ikki_unite_1177
1178|company_of_heroes_3_1178
1179|dragon_nest_sea_1179
1180|magic_of_gods_1180
1183|operation:_harsh_doorstop_1183
1184|last_epoch_1184
1185|atlantica_remastered_1185
1186|cantina_royale_1186
1187|neotokyo_1187
1188|wo_long_fallen_dynasty_1188
1189|lineage_1_1189
1190|pokemon_tcg_live_1190
1191|the_finals_1191
1192|devour_1192
1193|mabinogi_asia_1193
1194|war_selection_1194
1195|dystopia_1195
1196|revelation_mobile_1196
1197|legend_online_1197
1202|farlight_84_1202
1203|league_of_legends_tw_|_hk_1203
1204|diablo_iv_1204
1205|day_of_dragons_1205
1206|re:_draconica_online_1206
1207|fivem_-_gta_v_rp_1207_1744918674223
1208|il-2_sturmovik:_battle_of_stalingrad_1208
1209|counter-strike_2_1209_1761157748968
1210|redm_1210
1211|deceive_inc_1211
1212|wartale_1212_1744406592781
1213|squad_44_1213_1753644644825
1214|bandai_namco_launcher_1214
1215|besiege_1215
1216|woi_dragon_1216
1217|gamers_club_1217
1218|naruto_new_world_1218
1219|farcry_6_1219
1220|smalland:_survive_the_wilds_1220
1221|archeworld_launcher_1221
1222|ravenswatch_1222
1223|wars_of_prasia_1223
1224|ragnarok_online_origin_1224
1225|tales_of_wind_1225
1226|truckersmp_1226
1227|telegram_1227
1228|mix_master_life_1228
1229|boundary_1229
1230|crab_champions_1230
1231|tank_force_1231
1232|cabal_revolution_1232
1233|meet_your_maker_1233
1234|minecraft_legends_1234
1235|msi_emulador_1235
1236|mir2_1236
1237|wonderland_online:_legend_of_rhode_island_1237
1238|call_of_dragons_1238
1239|guilty_gear_xrd_rev_2_1239
1240|ghosts_of_tabor_1240
1246|dead_island_2_1246
1248|roots_of_pacha_1248
1249|alicia_online_1249
1250|sven_co-op_1250
1251|honkai_star_rail_1251
1252|redfall_1252
1263|legend_of_mir_:_heroes_1263
1264|breachers_vr_1264
1265|reign_of_kings_1265
1266|night_crows_1266
1267|eximius:_seize_the_frontline_1267
1268|dragon_ball_z_forces_1268
1269|gameforge_launcher_1269
1270|dark_and_light_1270
1271|monopoly_plus_1271
1273|lawl_mmorpg_1273
1274|the_outlast_trials_1274
1275|kakele_mmorpg_1275
1276|light_of_thel_1276
1277|godfall_1277
1278|champions_of_regnum_1278
1279|starship_troopers:_extermination_1279
1280|dead_frontier_2_1280
1281|helbreath_1281
1282|simrail_-_the_railway_simulator_1282
1283|last_year_1283
1286|wayfinder_1286
1287|demonologist_1287
1288|age_of_cignare_-_deicide_online_1288
1289|cinderstone_online_1289
1290|panzar_1290
1291|street_fighter_vi_1291
1292|punishing_gray_raven_1292
1293|tarisland_1293
1294|doom_1294
1295|mobile_suit_gundam_battle_operation_2_1295
1296|getamped_x_1296
1297|friends_vs_friends_1297
1298|soldat_1298
1299|f1_2023_1299
1300|league_of_legends_pbe_1300
1301|undawn_1301
1302|warhaven_1302
1303|dragon_raja_1303
1305|home_sweet_home_:_online_1305
1306|umamusume_1306
1307|elyon_1307
1308|killing_floor_2_1308_1758477565202
1309|zenonia_chronobreak_1309
1310|tekken_7_1310
1311|ragnarok_x:_next_generation_1311
1312|harry_potter_magic_awakened_1312
1314|zombs_royale_1314
1315|combat_master_1315
1316|lunia_reborn_1316
1317|return_of_reckoning_1317
1318|trackmania_1318
1319|halo_wars_2_1319
1326|disney_speedstorm_1326
1331|lunia_z_revival_1331
1333|exoprimal_1333
1334|lost_ark_cn_1334
1335|petri_dish_1335
1336|crystal_of_atlan_1336
1338|sparkball_1338
1345|remnant_2_1345
1346|the_infinite_black_2_1346
1347|the_kingdom_of_the_winds:_yeon_1347
1349|embers_adrift_1349
1352|coreborn:_nations_of_the_ultracore_1352
1353|scp:_5k_1353
1354|aew_fight_forever_1354
1355|call_of_duty:_black_ops_1355
1356|call_of_duty:_black_ops_2_1356
1357|terror_of_sea_1357
1359|tower_united_1359
1360|dragon_ball_online_global_1360
1363|snowbreak:_containment_zone_1363
1364|baldur's_gate_3_1364_1759538155216
1365|haven_&_hearth_1365
1366|onigiri_1366
1367|aftermath_1367
1368|playstation_plus_1368
1370|naval_action_1370
1371|starsiege_deadzone_1371
1372|age_of_wonders_4_1372
1373|techtonica_1373
1374|rounds_1374
1375|palia_1375
1379|game_test_1_1379_1754600879370
1380|hawked_1380
1381|escape_the_backrooms_1381
1382|ragemp_1382
1383|ember_towers_1383
1384|continent_of_legends_1384
1385|dying_light_1385
1386|green_hell_1386
1392|n-age_online:_awakening_1392
1393|paranoia_place_1393
1394|just_act_natural_1394
1395|we_need_to_go_deeper_1395
1402|the_texas_chain_saw_massacre_1402
1405|emergency_1405
1409|tannenberg_1409
1411|sword_art_online:_integral_factor_1411
1413|armored_core_vi_fires_of_rubicon_1413
1414|war_robots_1414
1450|waven_1450
1451|risk_of_rain_2_1451
1452|beasts_of_bermuda_1452
1453|stormworks:_build_and_rescue_1453
1454|mortal_kombat_11_1454_1769182055874
1455|doom_eternal_1455
1457|heartwood_online_1457
1483|resident_evil_5_1483
1484|resident_evil_6_1484_1760019782314
1487|calabiyau_1487
1490|cod_china:_mwiii_|_mwii_|_wz_1490
1494|sunkenland_1494
1497|nba_2k24_1497
1498|quake_iii_arena_1498
1499|dragon_and_home_1499
1504|battlefield_1_1504_1755790067515
1505|battlefield_2_1505
1506|battlefield_3_1506
1507|battlefield_4_1507
1508|battlefield:_bad_company_2_1508
1509|battlefield_1942_1509
1513|microvolts:_recharged_1513
1514|payday_2_1514
1515|wonderking_1515
1516|ragnarok_landverse_1516
1517|warfork_1517
1518|throne_and_liberty_korea_1518
1521|the_first_descendant_1521
1522|mortal_kombat_1_1522
1523|payday_3_1523
1524|efootball_2024_1524
1525|super_bomberman_r2_1525
1526|the_king_of_fighters_xv_1526
1527|party_animals_1527
1532|dragonheir:_silent_gods_1532_1762180273403
1534|dark_and_darker_launcher_1534
1535|hero's_land_1535
1536|crossfire_ph_1536
1537|ea_sports_fc_24_1537
1538|moonlight_sculptor:_darkgamer_1538
1539|navyfield_1539
1540|valorant_china_1540
1541|star_trek_fleet_command_1541
1546|greed_is_good_1546
1552|no_one_survived_1552
1553|counter-strike_nexon:_studio_1553
1555|naver_whale_1555
1558|my_hero_ultra_rumble_1558
1559|karos_1559
1568|roboquest_1568
1574|strike_force_heroes_1574
1577|riot_client_1577
1580|inside_the_backrooms_1580
1581|asgard_1581
1582|lords_of_the_fallen_1582
1583|storm_striker_1583
1584|game_of_thrones_winter_is_coming_1584
1585|minion_masters_1585
1586|enshrouded_1586
1590|big_time_1590
1591|scions_of_fate_1591
1595|the_front_1595
1596|jojo's_bizarre_adventure:_all-star_battle_r_1596
1597|kakaotalk_1597
1601|battletech_1601
1602|tom_clancy's_ghost_recon_wildlands_1602
1603|the_escapists_2_1603
1605|forza_motorsport_1605
1606|redmoon_kr_1606
1607|dinostorm_1607
1608|blazing_sails_1608
1609|project_winter_1609
1611|trickster_online_1611
1613|united_football_1613
1614|the_legend_of_neverland_1614
1615|through_the_ages_1615
1617|deceit_1617
1618|pokemon_mmo_3d_1618
1624|final_fantasy_xiv_launcher_1624
1628|cabal_ghost_1628
1629|madden_nfl_24_1629
1630|arena_of_faith_1630
1632|yu-gi-oh!_master_duel_1632
1636|star_wars_battlefront_i_1636
1637|ark_survival_ascended_1637
1638|arma_reforger_experimental_1638
1639|populous_online_1639
1642|ea_sports_wrc_1642
1643|xera:_survival_1643
1654|naruto_online_1654
1655|reverse_1999_1655
1656|dawnlands_1656
1657|survival_project_1657
1658|shadow_war_1658
1659|talisman_online_1659
1662|rappelz_private_1662
1664|void_crew_1664
1665|perfect_heist_2_1665
1667|justice_online_1667
1670|anno_1800_1670
1671|dungeons_4_1671
1676|the_walking_dead_empires_1676
1677|infestation_sea_1677
1678|assetto_corsa_1678
1690|valoria_1690
1694|game_of_empires_1694
1696|default
1702|lethal_company_1702
1707|turf_battles_1707.jpg
1708|ruthnar_battleground_1708
1709|dungeon_stalkers_1709
1710|war_of_the_immortals_1710
1711|octo_browser_1711
1712|jin_yong's_online_1712
1713|popkart_1713
1714|adventure_quest_worlds_1714
1715|blood_strike_1715
1733|civilization_vi_1733
1740|escape_from_tarkov_arena_1740
1741|onair_company_1741
1753|asurajang_1753
1754|moonlight_blade_1754
1755|daybreak_1755
1756|echocalypse_the_scarlet_covenant_1756
1757|forsaken_world_1757
1768|galaxy_gears_1768
1769|ultimate_racing_2d_2_1769
1770|pummel_party_1770
1771|night_of_the_dead_1771
1772|troubleshooter_abandoned_children_1772
1773|age_of_conan_unchained_1773
1774|3_kingdoms_online_1774
1775|delta_mmorpg_1775
1777|thang_global_1777
1778|magic_the_gathering_online_1778
1779|draconica_voilia_1779
1780|dofus_1780
1792|action_taimanin_1792
1793|the_crew:_motorfest_1793
1794|wonderes_eternal_world_1794
1797|astral_tale_1797
1799|watcher_of_realms_1799
1802|stellaris_1802
1811|battle_of_the_immortals_1811
1812|rumble_racing_star_1812
1813|legendofmir3aoppp1
1817|palworld_1817
1818|tabletopsimulatorapp1
1827|tribesrivalsapp1
1828|browndust22app1
1829|populousmatchmakingapppp1
1830|warfaceclutchapp1
1831|spacestationapp1
1832|davigoapp12
1833|finalfantasyviiappp1
1834|Tekken8
1836|sixdaysfallujahapp1
1846|titanrevengeapp1
1847|beyond_all_reason_1847_1770823148658
1848|undernightinbirthapp1
1849|dragonballxenoverse2app1
1850|narutoxborutoapp1
1851|onpunchmanapp111111
1860|dungeonborneappp1
1864|grandbluefantasyrelinkapp1
1865|skull and bones 2app1
1866|helldivers_2_1866
1867|broken_arrow_1867
1868|hellgate_london:2038_1868
1869|mixmaster__1869
1870|flashing_lights_1870
1871|trimurti_online_1871
1875|war_universe_1875
1876|madworld_1876
1877|champions_ascension_1877
1878|bapbap_1878
1888|islands_of_insight_1888
1889|jujutsu_kaisen_cursed_clash_1889
1890|legends_of_runetera_1890
1891|powerlust_1891
1892|rocket!_1892_1740764699355
1893|nightingale_1893
1895|dark_orbit_1895
1896|titan_quest_anniversary_edition_1896
1907|wolf_team_1907
1908|redmatch_2__1908
1909|great_merchant_1909
1910|shrapnel_1910
1915|mt:_the_dream_1915
1916|rom:_remember_of_majesty_1916
1919|netmarble_1919
1920|day_of_defeat_1920
1921|igp_manager_1921
1925|uncharted_waters_origin_1925
1926|project_f4e_1926
1927|the_crew_2_1927
1935|earth:_revival_1935
1937|night_crows_1937
1938|florensia_1938
1940|kritika:_zero_1940
1941|nuclear_dawn_1941
1942|battle_crush_1942
1943|solo_leveling:_arise_1943
1944|project_l33t_1944
1946|aliens:_fireteam_elite_1946
1947|nyan_heroes_1947
1948|dungeon_defenders_ii_1948
1949|mini_royale_1949
1952|metacene_1952_1740764189217
1953|legend_pirates_1953
1961|throne_and_liberty_global_1961_1758565446627
1962|parallel_1962
1964|kaion_tales_1964
1966|chronicles_of_arcadia_1966_1753994716403
1968|gigantic:_rampage_edition_1968
1970|nexus_1970_1729610358845
1972|barony_1972
1974|craftopia_1974
1976|reign_of_guilds_1976
1978|tales_of_pirates_1978
1988|blazblue_centralfiction_1988
1990|alt:v_gta_v_1990
1992|hit:_the_world_1992
1994|sky:_children_of_the_light_1994
1996|pax_dei_alpha_test_1996
1998|sker_ritual_1998
2000|midair_2_playtest_2000
2002|guns_of_icarus_2002
2004|duckside_2004
2006|my.games_launcher_2006_1753751305886
2008|joe_'n_jo_2008
2010|arthdal_2010
2012|content_warning_2012
2014|world_of_warcraft_private_2014
2016|wartales_2016
2018|contractors_showdown_2018
2020|gray_zone_warfare_2020_1750433927285
2021|motogp24_2021
2023|smite_2_2023
2025|wffm_online_2025
2027|the_legend_of_condor_heroes_2027
2031|lineage_ii_private_2031
2035|raft_2035
2037|easy_red_2_2037
2039|abiotic_factor_2039
2041|orcs_must_die!_3_2041
2043|sea_of_conquest_2043
2045|outpost_infinity_siege_2045
2047|the_machines_arena_2047
2049|pixel_tennis_2049
2051|lunia_z_classic_2051
2055|arena_breakout_infinite_2055
2061|marvel_rivals_2061
2065|le_mans_ultimate_2065
2067|men_of_war_ii_2067
2069|homeworld_3_2069
2071|thien_nhai_minh_nguyet_ao_2071
2077|starward_2077
2079|pixel_gun_3d_2079
2081|golf_with_your_friends_2081
2087|mx_bikes_2087
2089|ghost_of_tsushima_2089
2091|wuthering_waves_2091
2093|roark's_attack_on_titan_2093
2097|warno_2097
2099|vigor_2099
2101|granado_espada_m_2101
2105|chronoforge_2105
2107|corepunk_2107
2109|raven_2__2109_1761071161860
2111|soulmask_2111
2113|tales_of_fearless_2113
2117|age_of_water_2117
2119|second_wave_2119
2121|killer_klowns_2121
2123|superball_2123
2129|f1_24_2129
2135|shinobi_warfare_2135
2137|ragnarock_2137
2141|bodycam_2141
2143|deadlock_2143
2153|ragnarok_eternal_love_2153
2157|striden_2157
2163|raid_shadow_legends_2163
2165|jak_and_daxter:_the_precursor_legacy_2165
2167|shushan_2167
2173|warhammer_40,000:_dawn_of_war_ii_-_retribution_2173
2175|corum_online_2175
2177|thien_long_bat_bo_2177
2179|kingdoms_hero_empire_2179
2181|turbo_sliders_unlimited_2181
2199|habbo_hotel_origins_2199
2201|battlecore_arena_2201
2203|strinova_2203
2209|chained_together_2209
2211|verdun_2211
2213|goat_simulator_3_2213
2215|lucent_hearth_2215
2217|murky_divers_2217
2219|raycity_2219
2225|jujutsu_kaisen_phantom_parade_2225
2227|bloodloop_2227
2235|librewolf_2235
2237|archeagewar_2237
2239|supervive_2239
2245|coc_coc_2245
2247|crime_boss_rockay_city_2247
2251|battle_aces_2251
2253|quakeworld_2253
2255|zenless_zone_zero_2255
2257|chronicles_interlude_2257
2259|pilgrim_2259
2263|delta_force:_hawk_ops_2263
2265|the_quinfall_2265
2267|vail_2267
2269|cong_dong_vo_lam_2269
2271|apeiron_2271
2273|lord_nine_2273
2275|sneak_out_2275
2277|nevergrind_2277
2279|overtrip_2279
2281|1v1.lol_2281_1724886537695
2283|kaetram_2283
2285|beamng.drive_2285
2305|rennsport_2305_1721941625791
2307|wargame:_red_dragon_2307_1721941698442
2313|lumiterra_2313_1721941422291
2317|a_way_out_2317_1721941173294
2318|world_of_football_2318_1721941109173
2319|rawmen_food_fighter_arena_2319_1721940975355
2320|yaku_2320_1721940783543
2321|draconia_saga_2321_1721940556732
2322|ddtank_two_2322_1722005414542
2323|left_4_dead_2323_1722005540050
2324|metal_slug:_awakening_2324_1722005478549
2325|illuvium_2325_1722005288547
2327|legend_of_edda:_pegasus_2327_1722619156229
2329|earth_defense_force_6_2329_1722619036844
2330|call_of_duty_1_2330_1722618940985
2331|stormgate_2331_1722618882838
2337|vade_retro_:_exorcist_2337_1722618816513
2338|watch_dogs_2_2338_1722618764710
2343|soccer_online_ball_3d_2343_1723058549121
2344|totally_accurate_battlegrounds_2344_1723058631957
2345|helmo_online_-_mmorpg_2345_1723058432974
2349|mecha_break_2349_1723058291015
2350|open_season_2350_1723058205475
2352|backrooms:_escape_together_2352_1723047519231
2366|kompete_2366_1723751373717
2367|level_zero:_extraction_2367_1732071863947
2368|sword_of_convallaria_2368_1732070688022
2369|tanki_online_2369_1723753116312
2370|spectre_divide_2370_1732070748156
2371|star_wars_jedi_knight_-_jedi_academy_2371_1723753483765
2375|lockdown_protocol_2375_1724784460786
2377|dawn_of_defiance_2377_1724886659516
2378|deceit_2_2378_1724692772916
2384|off_the_grid_2384_1724886252273
2385|pantheon:_rise_of_the_fallen_2385_1724783987494
2386|concord_2386_1724783759501
2388|call_of_duty:_black_ops_6_2388_1729821239353
2389|solasta:_crown_of_the_magister_2389_1725546536929
2390|maplestory_m_2390_1725546406005
2393|ravenquest_2393_1725546306618
2394|age_of_mythology:_retold_2394_1725545942567
2395|prisoners_2395_1725545838168
2396|supermoves_2396_1725545609656
2397|lost_castle_2_2397_1725545508970
2398|hoyeon_2398_1725545397763
2399|harry_potter:_quidditch_champions_2399_1725545238601
2401|ea_sports_madden_nfl_25_2401_1725545156844
2402|endless_online_2402_1725545075826
2403|space_station_13_2403_1725544840799
2404|core_keeper_2404_1725544690338
2406|fantasy_online_-___2406_1725544536948
2411|carx_street_2411_1725544415914
2412|wild_forest_2412_1725544339443
2413|test_drive_unlimited_solar_crown_2413_1725980467191
2414|aloft_2414_1725980377143
2415|warhammer_40,000:_space_marine_2_2415_1725980155181
2416|nba_2k25_2416_1725979752463
2423|racing_master_2423_1740761606552
2424|sherwood_dungeon_2424_1726587563691
2425|cabal_private_2425_1740760686686
2427|broken_ranks_2427_1740758854488
2428|pico_park_2_2428_1740758810611
2430|ea_sports_fc_25_2430_1726867261220
2440|blazblue_entropy_effect_2440_1740758730801
2441|ghost_story_2441_1729088616469
2442|mu_origin_3_2442_1729088335551
2443|diablo_iv_china_2443_1727363596884
2453|serious_sam_classics:_revolution_2453_1729088205356
2454|the_forever_winter_2454_1729088071541
2455|return_of_warrior_2455_1729087869399
2456|dragon_ball:_sparking!_zero_2456_1729087604766
2457|one_piece_bounty_rush_2457_1729087491361
2458|sword_art_online_fractured_daydream_2458_1728682625849
2461|default
2462|fragpunk_2462_1729087398583
2463|metalcore_2463_1729087254955
2468|rivals_of_aether_ii_2468_1729087087807
2477|wild_assault_2477_1730914907694
2478|maplestory_worlds_2478_1730914794672
2484|efootball_2026_2484_1757022651274
2485|ring_of_titans_2485_1730305810981
2486|over_field_2486_1730299929484
2487|sand_2487_1730299774929
2489|return_alive_2489_1730299630621
2491|windblown_2491_1730299543750
2492|no_more_room_in_hell_2_2492_1730299468185
2493|asphalt_8_2493_1730299359233
2500|astral_party_2500_1730299255439
2502|forsaken_world_2_2502_1730297524178
2503|worldshards_2503_1730296784420
2509|remote_desktop_2509_1730913436620
2510|stampede:_racing_royale_2510_1730398270891
2511|topspin_2k25_2511_1730398144693
2512|call_of_duty:_warzone_2512_1730406894649
2515|asura_2515_1730914281581
2516|monster_hunter_wilds_2516_1730913204670
2519|gorebox_2519_1730912535220
2520|brighter_shores_2520_1730912197896
2535|space_nation_2535_1732072010808
2536|_soulframe_2536_1732215085825
2537|zero-k_2537_1732215248847
2539|need_for_speed_mobile_2539_1732215349983
2540|farming_simulator_25_2540_1732215526591
2541|entropia_universe_2541_1732216023022
2547|soul_land:_new_world_2547_1732198080704
2548|arc_2548_1732214056217
2551|black_desert_-_cn_2551_1732299860160
2562|shape_of_dreams:_prologue_2562_1740758650296
2563|golden_tides_2563_1740758541047
2568|ddtank_brasil_2568_1740758395248
2569|war_trigger_3_2569_1740758129179
2570|the_seven_deadly_sins:_grand_cross_2570_1740758018737
2571|finity_2571_1740757909588
2572|aether_gazer_2572_1740757478345
2573|prime_world_2573_1740757302316
2574|call_to_arms_-_gates_of_hell:_ostfront_2574_1739028235141
2575|path_of_exile_2_2575_1756734590775
2576|paravox_2576_1737036676313
2577|dead_frontier_1_2577_1740757072049
2580|infinity_nikki_2580_1733936671308
2585|maplestory_universe_2585_1733946369803
2588|spire_horizon_online_2588_1740756961034
2589|saint_seiya_reborn_2589_1733946171610
2590|journey_of_monarch_2590_1740756037231
2591|puyo_puyo_tetris_2_2591_1740755791117
2592|girls'_frontline_2:_exilium_2592_1734030229924
2593|game_for_peace_2593_1734029881744
2594|vila_talisman_2594_1733954107299
2597|epic_seven_2597_1734027588779
2600|toontown_rewritten_2600_1734427178253
2601|king_of_pirates_2601_1734427723941
2602|_magic_wings_2602_1734428116367
2603|metalstorm_2603_1734428443102
2604|sword_of_justice_2604_1734428822193
2605|rise_of_chaos_2605_1734429346266
2606|cricket_24_2606_1734432565295
2611|final_fantasy_xiv_kr_2611_1734569085989
2621|_captain_&_company_2621_1735581663787
2622|elsword_tw_2622_1735582979786
2623|atlyss_2623_1735834519451
2624|evolution_worlds_2624_1735840063386
2625|perfect_world:_ascend_2625_1736170334484
2626|xonotic_2626_1736170810245
2631|dk_online_2631_1736190209813
2634|gologin_2634_1736360429591
2635|gorilla_tag_2635_1736374938954
2636|r2_online_2636_1736435791097
2637|plants_vs._zombies_garden_warfare_2637_1736451185562
2644|riders_of_icarus_2644_1736528853817
2645|auto_chess_2645_1736786395510
2646|savage_drx_2646_1736786869576
2647|moving_out_2_2647_1736874108737
2648|where_winds_meet_2648_1736878653741
2649|game_test_2_2649_1754600895780
2662|world_of_warcraft_uae_2662_1737262003810
2664|battles_for_glory_2_2664_1754514011936
2665|summoners_war_2665_1737576002982
2666|flyff_universe_2666_1738002121576
2667|dns_2667_1768943297914
2668|oharion_2668_1738094974985
2669|governor_of_poker_3_2669_1738095290782
2670|ifsunsets_2670_1738095564691.jpeg
2672|realm_of_simplicity_2672_1738095987446
2673|synduality_echo_of_ada_2673_1738096165040
2674|the_forest_2674_1738096664582
2675|mount_&_blade:_warband_2675_1738097199104
2676|rush_royale_2676_1738097532880
2677|n-age_online_neo_2677_1738097869342
2692|tree_of_savior_m_2692_1738269863887
2693|_wild_woods_2693_1738270135828
2696|sniper_elite:_resistance_2696_1738769667244
2697|zhu_xian_world_2697_1738770664227
2698|the_headliners_2698_1738852984024
2699|rusty_hearts_2699_1738951732721
2700|graalonline_era_2700_1738952351046
2701|puck_2701_1738952808977
2702|virtua_fighter_5_r.e.v.o._2702_1738953646280
2703|super_tux_kart_2703_1739281670024
2704|football_manager_2024_2704_1739282362353
2705|asphalt_legends_unite_2705_1739299630206
2706|blade_&_soul_neo_kr_2706_1739395439252
2709|blade_&_soul_neo_cn_2709_1739552571559
2714|waterfox_2714_1739799608429
2715|legacy:_steel_&_sorcery_2715_1739805210554
2716|sas:_zombie_assault_4_2716_1739805510525
2723|legend_of_ymir_kr_2723_1740008093788
2729|mxm_reborn_2729_1740075195604
2734|war_of_pirates_2734_1740755223533
2735|apogea_2735_1740610399638
2736|fellowship_2736_1761155819422
2737|_hyper_light_breaker_2737_1740610833543
2738|orcs_must_die!_deathtrap_2738_1740611007935
2739|mistery_2739_1740611181774
2740|darza's_dominion_2740_1740611282025
2743|doomsday_2743_1741798812865
2744|midnight_walkers_2744_1741798619041
2745|hoyoplay_2745_1740771037999
2755|flash_games_2755_1741196783202
2757|the_king_of_fighters_xiii_global_match_2757_1741208156524
2761|wegame_2761_1741212548575
2762|split_fiction_2762_1741269484589
2763|melty_blood:_type_lumina_2763_1741283319233
2766|heroes_of_hammerwatch_ii_2766_1741798585482
2767|last_war_survival_2767_1741798547387
2768|ragnarok_m:_classic_2768_1741351317866
2769|r.e.p.o._2769_1741358119812
2770|warborne_above_ashes_2770_1741359139842
2773|due_process_2773_1741381598769
2774|yield!_fall_of_rome_2774_1741801535509
2775|asseto_corsa_evo_2775_1741801853977
2776|wwe_2k25_2776_1741631198084
2777|crystal_saga_2777_1741632422791
2778|command_&_conquer_generals:_zero_hour_2778_1741641841243
2782|rising_world_2782_1741707536655
2783|civilization_v_2783_1741716902112
2784|faceit_2784_1741720971677
2787|citizen_conflict_2787_1741794585416
2788|dawinbi_2788_1741802355392
2789|airmech_2789_1741812546423
2794|slime_heroes_2794_1741875073061
2795|my_time_at_sandrock_2795_1741878171867
2796|war_of_rights_2796_1741881390723
2797|league_of_legends_cn_2797_1741890899775
2798|league_of_legends_vn_2798_1741891693904
2799|league_of_legends_sg_|_th_|_ph_|_my_2799_1741891708532
2800|aneurism_iv_2800_1741894723972
2804|war_robots_frontier_2804_1741959649378
2805|rainbow_six_siege_x_2805_1770507215566
2808|the_baazar_2808_1741971722022
2811|tempo_launcher_-_beta_2811_1741973397141
2812|wizardry_variants_daphne_2812_1741984775211
2813|astrum_play_2813_1741987392138
2818|zen_2818_1742320518086
2819|top_heroes_2819_1742320476854
2820|the_4th_comming_2820_1742320455254
2821|cabal:_ultimate_combo_sea_2821_1742320416267
2822|racing_game_2822_1742242535659
2823|new_war_demon_2823_1742320844484
2824|zombie_army_4:_dead_war_2824_1742246734611
2831|the_spell_brigade_2831_1742311239962
2834|perfect_world_esports_platform_2834_1742319386690
2835|ufl_2835_1749481856301
2849|rohan_2_2849_1742505712983
2850|rf_online_next_kr_2850_1742507715955
2851|bleach_rebirth_of_souls_2851_1742517464568
2856|treeverse_2856_1742590371573.jpeg
2861|dune:_awakening_2861_1749565509675
2862|viking_rise_2862_1742920317217
2863|ninelives_2863_1742920669560
2864|launcher_ragnarok_iro_2864_1742930470291.jpeg
2873|village_heros_2873_1743003235102
2874|renown_2874_1743003830683.jpeg
2875|armada_of_sea_2875_1743009881711
2876|33_immortals_2876_1743015491652
2889|eos_ragnarok_2889_1743420686878
2899|jx2_online_2899_1743608115451
2900|warpath_2900_1743608642278
2901|glory_destiny_-_reborn_2901_1743608887767
2915|discord_beta_2915_1743794292617
2920|ragnarok_v:_returns_2920_1743980093784
2921|halmgaard__2921_1743980761077
2922|party_icons__2922_1743981247645
2923|steel_hunters_2923_1743981772484
2924|heroes_evolved_2924_1743982217317
2933|mu_kronus_2933_1744235246998
2945|amazing_online_2945_1744383490492
2946|speedway_challenge_2024_2946_1744384346712
2947|_speedway_challenge_2025_2947_1744384569561
2948|microsoft_flight_simulator_40th_anniversary_edition_2948_1744384909470
2949|my_pet_hooligan_2949_1744385541822
2950|world_of_sea_battle_2950_1744386727393
2955|ragnarok_latam_2955_1744650202146
2956|steam_vn_2956_1748002805774.jpeg
2961|schedule_i__2961_1744742432122
2966|runescape:_dragonwilds_2966_1744754512867
2971|pes_6_2971_1744812078918
2982|digimon_masters_latam_2982_1744921445125
2983|rematch_2983_1744989381748
2984|phantom_breaker:_battle_grounds_ultimate__2984_1745016081448
2985|sid_meier's_civilization_vii_2985_1745016430041
2991|dk_mobile:_reborn_2991_1745273331835
2992|marvel_snap_2992_1745273700835
2993|the_bus_2993_1745274109702
2994|dracoborn_2994_1745274484848
2995|havenhold_2995_1745275467594
2996|sephiria_2996_1745279344208
3005|delta_force_garena_3005_1745302161440
3006|defiance_3006_1745336473647
3014|tempest_rising_3014_1745441124734
3015|rumble_3015_1745441762062
3016|gunboundm_3016_1745441957684
3017|star_wars_battlefront_ii_(classic,_2005)_3017_1745442688184
3018|unrailed!_3018_1745514977829
3019|marvel_heroes_omega_3019_1745515119459
3020|drive_beyond_horizons_3020_1745515337167
3021|mistfall_hunter_3021_1745515547587
3022|witch_it_3022_1745515719386
3024|night_crows_nx_3024_1745526805911
3027|heroes_of_valor_3027_1745534428085
3040|odin:_valhalla_rising_3040_1745853149082
3050|odin:_valhalla_rising_(jp)_3050_1745905027088
3058|mech_arena_3058_1746042234299
3059|darkest_days_3059_1746042631908
3060|openttd_3060_1746042961260
3061|fatal_fury:_city_of_the_wolves_3061_1746044019065
3076|marathon_3076_1772130571998
3077|motor_town:_behind_the_wheel_3077_1746206747283
3078|rising_hub_3078_1746206926581
3079|girl's_moving_castle_3079_1746208387178
3081|deadzone:_rogue_3081_1746472631189
3107|sirocco_3107_1746702571712
3108|trackdayr_3108_1746703117889
3109|_realms_of_alurya_3109_1746703573269
3110|ragnarok_x:_next_generation_3110_1746703939457
3111|etheria:_restart_3111_1746809735367
3112|neighbors:_suburban_warfare_3112_1746812152972
3114|mechabellum_3114_1747154706970
3115|game_of_thrones:_kingsroad_3115_1747155277757
3116|towerborne_3116_1747155491915
3118|borderlands_3_3118_1747297864428
3119|motogp25_3119_1747298153620
3120|among_us_3d_3120_1747298469652
3121|forever_skies__3121_1747298689589
3122|door_kickers_2:_task_force_north_3122_1747299049322
3123|_monaco_2_3123_1747299185052
3124|omega_crafter__3124_1747299350629
3125|age_of_darkness:_final_stand_3125_1747299629727
3145|rsi_launcher_3145_1747505395907
3146|star_citizen_ir_3146_1747583729954
3148|nubs!_arena_3148_1747742680109
3149|snow_bros_2_special_3149_1747743601518
3150|capcom_fighting_collection_2_3150_1747748883882
3151|broventure:_the_wild_co-op_3151_1747749305496
3152|soulcalibur_vi_3152_1747749558187
3153|endless_dream_3153_1747778022503
3154|roadcraft_3154_1747779773627
3155|the_lord_of_the_rings:_return_to_moria_3155_1747780473581
3156|bellwright_3156_1747781843641
3157|guardians_of_gaia_3157_1747784469448
3160|modern_combat_5:_blackout_3160_1747844689439
3162|dinosaur_world_3162_1747853230656
3165|game_test_4_3165_1754600912839
3166|launcher_lost_ark_tw_3166_1747919428052.jpeg
3212|fantasy_life_i:_the_girl_who_steals_time_3212_1748110638913
3213|halo_2_3213_1748365031782
3214|revenge_of_the_savage_planet_3214_1748374375724
3215|rabbit_and_steel_3215_1748374514314
3218|splitgate_2_3218_1748440178729
3220|game_test_5_3220_1754600922063
3221|elden_ring_nightreign_3221_1748612953435
3222|elancia_3222_1748623823343
3223|f1_25_3223_1748624297876
3226|shroud_of_the_avatar_3226_1748964412426
3227|under_night_in-birth_ii_sys:celes_3227_1748964838517
3228|stararc_echo_3228_1748965145397
3229|chivalry:_medieval_warfare_3229_1748965442373
3230|rosso_ran_online_3230_1748978234225
3279|bitcraft_online_3279_1749248601823
3280|remento:_white_shadow_3280_1749478761968
3281|human_fall_flat_3281_1749480249237.jpeg
3282|wildgate_3282_1749498936247
3283|goals_3283_1749557492282
3284|anvil_empires_3284_1749586939732
3285|team_fortress_classic_3285_1749587400372
3286|battle_tanks:_world_war_ii_3286_1749587971264
3289|dragon_ball_gekishin_squadra_3289_1749735149792
3290|tree_of_savior_neo_3290_1749749511289
3291|blade_of_god_x_3291_1749750420205
3296|gunbound_3296_1749827042553
3297|windward_horizon_3297_1749827556625
3298|sky:_children_of_the_light_3298_1749828047099
3299|pioner_3299_1749828248667
3303|shift_happens_3303_1749828667216
3305|rubber_bandits_3305_1749828952776
3308|afk_journey_3308_1749829494521
3311|lego_worlds_3311_1749830012504
3312|hero_plus_3312_1749830320651
3315|karmazoo__3315_1749830650597
3320|default
3322|shadowverse:_worlds_beyond_3322_1750168037378
3323|infinite_lagrange_3323_1750169341769
3324|stick_fight:_the_game_3324_1750169949377
3325|prison_architect_3325_1750170481721
3326|tokyo_beast_3326_1750170807495
3328|mimesis_3328_1750187240272
3329|pga_tour_2k23_3329_1750187439273
3330|astroneer_space_3330_1750187720859
3331|pico_park_3331_1750187942224
3332|crysis_2_3332_1750188135678
3333|fbc:_firebreak_3333_1750198753470
3339|chrono_odyssey_3339_1750431419686
3340|peak_3340_1750435886921
3363|castle_crashers_3363_1750620016412
3364|world_of_warcraft_warmane_3364_1750689194675
3366|faaast_penguin_3366_1750710286880
3367|rasalas_3367_1750710880941
3368|gears_of_war_3368_1750711254168
3369|galaxy_life__3369_1750711376295
3370|star_stable_online_3370_1750711504016
3371|meridian_59_3371_1750711592909
3372|arma_2:_operation_arrowhead_3372_1750711756853
3373|zero_hour_3373_1750711919116
3374|king_arthur:_legends_rise_3374_1750712153325
3375|marvel_contest_of_champions_3375_1750712250910.jpeg
3377|darkest_hour:_europe_3377_1750801529080
3379|helldivers_dive_harder_edition_3379_1750804722657
3398|modern_warships_3398_1750886182030
3402|atlantica_online_global_3402_1750886557479
3403|gigabash_3403_1750886872872
3404|len's_island_3404_1750887003889
3406|chromium_3406_1750959641874
3407|pixel_dungeon_vr_3407_1750960791118
3408|warstride_challenges_3408_1750961079856
3417|maxthon_3417_1751305782244
3421|persona5:_the_phantom_x_3421_1751465161526
3422|munchkin_digital_3422_1751465314513
3423|qq_speed_3423_1751466283316
3424|eden_reforged_3424_1751474850211
3446|ace_squared_3446_1751898661841
3447|blue_archive_3447_1751899403590
3448|villagers_and_heroes_3448_1751900911861
3462|youtube_3462_1758744616542
3472|quaver_3472_1752088129445
3474|point_blank_launcher_3474_1752098827389
3479|tony_hawk's_pro_skater_3_+_4_3479_1752246317924.jpeg
3482|killing_floor_3_3482_1752512046575
3483|mycopunk_3483_1752542220042
3484|line_of_sight_3484_1752542398784.jpeg
3485|battle_nations_3485_1752542566708
3486|umamusume:_pretty_derby_3486_1752542825707
3491|blue_protocol:_star_resonance__cn_3491_1752777893456
3492|evony_3492_1752782632605
3493|dreadzone_3493_1753730291501.jpeg
3496|unsolved_case_3496_1752850403059
3497|spotify_3497_1753117854342
3498|madoka_magica_magia_exedra_3498_1753126010027
3499|savage_2_3499_1753126242643
3500|fate_trigger_3500_1753126432650
3501|gtfo_3501_1753126682164
3502|douluo_continent_3502_1753126892889
3503|unboxing_the_cryptic_killer_3503_1753127211541
3504|parallel_experiment_3504_1753127375864
3509|arizona_games_launcher_3509_1753213148175
3519|twitch_3519_1753286217447
3523|maplestory_sea_3523_1753303037175
3525|riders_of_icarus_private_3525_1753391643431
3526|drakantos_3526_1753452031706
3531|default
3539|kick_3539_1753634768403
3544|vtol_vr_3544_1753724026027
3545|arizona_sunshine_3545_1753724577637
3546|_arken_age_3546_1753725297409
3547|onward_3547_1753726807919
3548|beat_saber_3548_1753727036278
3549|riders_republic_3549_1753728264144
3550|morimens_3550_1753728594153
3551|https://thyranya.com/_3551_1753733477207
3552|ragnarok_latam_launcher_3552_1753794355917
3553|mage_arena_3553_1753807193255
3554|bellatores_3554_1753808176166
3556|dislyte_3556_1753822384096
3557|grounded_2_3557_1753825582521
3558|odin:_valhalla_rising_launcher_3558_1753886533332
3560|lordnine_:_infinite_class_3560_1753973785218
3562|terminull_brigade_3562_1753982916717
3563|comet_3563_1753985681050
3595|rtt_view_3595_1754077366230
3597|floorp_3597_1754329043423
3598|dark_souls_remastered_3598_1754329304410
3599|we_were_here_together_3599_1754329788275
3600|windslayer_3600_1754330026636
3601|in_light_of_lanterns_3601_1754330264600
3602|grind_hero_3602_1754330431603
3603|gatekeeper_3603_1754330632946
3604|fuel_harvest_together_3604_1754330851868
3605|driftwood_3605_1754331059879
3606|xanadu_land_3606_1754331191647
3607|battlefield_6_3607_1760275104919
3609|crunchyroll_3609_1756129984531
3610|default
3611|default
3613|modern_air_combat:_beyond_visual_range_3613_1754486955626
3615|boombang.tv_3615_1754496621421
3616|cncnet_3616_1754496786665
3617|fate_war_3617_1754497919067
3618|demon_slayer_-kimetsu_no_yaiba-_the_hinokami_chronicles_2_3618_1754499852464
3630|black_stigma_3630_1754666463976
3631|blackwake_3631_1754667436993
3632|guntouchables_3632_1754667948471
3633|heroes_of_newerth:_reborn_3633_1754668050863
3636|digimon_super_rumble_3636_1754751552891
3637|kathana_3637_1754931061250
3638|terminull_brigade_launcher_3638_1754941378098
3642|rom:_golden_age_3642_1754955963587
3645|panzerkampf_3645_1755090358966
3646|gigaslave_3646_1755101220009
3650|ragnador_3650_1755176629319
3651|ragnarok_libre_3651_1755191112585
3652|81keys_retro_3652_1755256052203
3653|spiritvale_3653_1755536508451
3654|pixel_strike_3d_3654_1755536855785
3655|mecharashi_3655_1755537951701
3657|granblue_fantasy_3657_1755617331377
3658|warhammer_40000:_dawn_of_war_3658_1755627074751
3659|archeage_ru_3659_1755635220349
3660|xbox_app_3660_1755701204780
3661|default
3663|abyssus_3663_1755720598449
3664|the_scouring_3664_1755720777867
3665|gunship_battle_3665_1755720968562
3666|miscrits:_world_of_creatures_3666_1755721153284
3667|ship_graveyard_simulator_2_3667_1755721362788
3669|microsoft_store_3669_1755730554159
3670|xbox_cloud_3670_1755741071273
3671|blue_protocol:_star_resonance_3671_1755808263886
3674|xociety_3674_1756124943472
3675|vice_city:_multiplayer_3675_1756141285126
3676|calamity_3676_1756153023960
3677|strange_brigade_3677_1756153299527
3678|super_sus_3678_1756153921417
3679|saints_row_3679_1756154110894
3680|bullet_yeeters_3680_1756154298513
3681|vampir_3681_1756212593269
3685|reddit_3685_1756239897607
3686|instagram_3686_1756249286975
3687|boomplay_3687_1756298397808
3688|gears_of_war:_reloaded_3688_1756314381379
3690|default
3691|pinterest_3691_1756405277551
3693|yappy_3693_1756414758970
3694|ok.ru_3694_1756417935481
3695|holoearth_3695_1756467388092
3696|linkedin_3696_1756472725082
3697|snapchat_3697_1756473338129
3698|facebook_3698_1756480424002
3705|line_3705_1756738093981
3706|nba_2k26_3706_1756742478203
3708|tiktok_3708_1756842889173
3709|pizza_bandit_3709_1756851802336
3710|wilder_world_3710_1756903416540
3711|exverse_3711_1756903666487
3712|lugh_world_3712_1756903815653
3713|coral_island_3713_1756904905266
3714|umamusume_(jp)_3714_1756918051800
3716|vk_3716_1756991147136
3717|chatgpt_3717_1757016178891
3718|gemini_3718_1757073197655
3719|x_3719_1757080491589
3720|kwai_3720_1757080913749
3721|youtube_beta_3721_1758744631944
3748|2xko_3748_1757522610589
3749|borderlands_4_3749_1757613254166
3750|netflix_3750_1757684258442
3751|el_hero_3751_1757685006718
3752|the_riftbreaker_3752_1757685779745
3753|_warhammer_40,000:_gladius_-_relics_of_war_3753_1757700076745
3754|skate._3754_1757701332218
3775|the_starlight_3775_1758051376503
3776|the_world_of_magic_3776_1758051635805
3777|monsters_&_memories_3777_1758051907952
3778|shape_of_dreams_3778_1758053699447
3781|relic_arena_3781_1758132814291
3782|exoborne_3782_1758136016012
3783|betrayal_beach_3783_1758136347949
3784|a_few_quick_matches_3784_1758136684824
3788|rutube_3788_1758196886257
3789|ea_sports_fc_26_3789_1758288502144
3790|dzen_3790_1758208202460
3791|ea_sports_madden_nfl_26_3791_1761842958508
3792|ilysia_3792_1758224726349
3793|gone_fishing_3793_1758225772055
3794|dying_light:_the_beast_3794_1758232253239
3797|arkheron_3797_1758377412931
3798|hbo_max_3798_1758390622831
3799|apple_tv_3799_1758396867985
3800|crime_simulator_3800_1758457263012
3801|godsarena_online_3801_1758485311245
3820|anomaly_zone_3820_1758644051381
3821|voyagers_of_nera_3821_1758647823862
3822|humanitz_3822_1758651816911
3823|out_of_space_3823_1758653348782
3824|jump_space_3824_1758655222646
3825|prime_video_3825_1758659241681
3826|wildcard_3826_1758720849236
3828|globoplay_3828_1758728402839
3830|blade_&_soul_heroes_3830_1758744732011
3831|disney_plus_3831_1758735717986
3832|cabal_private_3832_1758746073260
3842|sonic_racing:_crossworlds_3842_1758813153785
3843|absolver_3843_1758820829010
3864|sworn_3864_1759175132462
3865|stronghold_crusader:_definitive_edition_3865_1759175386039
3866|dark_ages_3866_1759176395955
3867|hotel_barcelona_3867_1759176960308
3870|cozy_island_3870_1759250658724
3871|whisper_mountain_outbreak_3871_1759257157553
3872|guilty_as_sock!_3872_1759258473890
3873|_moonray:_battle_lands_3873_1759258788100
3874|active_matter_3874_1759326751476
3875|lost_rift_3875_1759336601593
3876|starlight_revolver_3876_1759339937475
3877|macabre_3877_1759340114218
3882|embr_3882_1759407128980
3883|call_of_duty:_black_ops_7_3883_1762963132806
3884|king_of_meat_3884_1759444482557
3885|legends_of_elumia_3885_1759467038339
3886|beanfun_3886_1759498875584
3888|maplestory_tw_3888_1759503787206
3889|mycorelic_3889_1759510677214
3890|railway_empire_2_3890_1759510843028
3892|biped_3892_1759588350140
3901|lego_party!_3901_1759861113180
3902|metaball_3902_1759862872652
3903|daimon_blades_3903_1759863256627
3904|straftat_3904_1759863664166
3906|maplestory_jp_3906_1759935350806
3907|plateup!_3907_1759936084685
3908|eterspire_3908_1759936327148
3909|gogh:_focus_with_your_avatar_3909_1759947586201
3910|mythforce_3910_1759948092487
3914|ghostm_global_3914_1760118532976
3926|sudden_attack_zero_point_3926_1760378334853
3929|code_zin:_esper_arena_3929_1760533276500
3930|final_sentence_3930_1760533478438
3931|carnival_hunt_3931_1760533712798
3932|the_cube,_save_us_3932_1760534678338
3933|tears_of_metal_3933_1760535050975
3934|supermarket_simulator_3934_1760535249099
3935|children_of_morta_3935_1760535406736
3936|superfighters_deluxe_3936_1760535666171
3937|chaos_zero_nightmare_3937_1760536912117
3940|martial_heroes_3940_1760545783800
3941|royal_revolt_survivor_3941_1760552608164
3942|little_nightmares_iii_3942_1760555930967
3943|marvel_cosmic_invasion_3943_1760562809727
3950|arc_raiders_3950_1760695966644.jpeg
3951|panicore_3951_1760712735574
3952|river_city_girls_2_3952_1760713016454
3953|necesse_3953_1760713396592
3954|cuffbust_3954_1760713657396
3955|everwind_3955_1760713980288
3956|retrocycles_3956_1760894490209
3978|rubinot_3978_1760976122557
3980|slither.io_3980_1761080620874
3981|ubisoft_connect_3981_1761155958161
3984|misery_3984_1761150248622
3985|limbus_company_3985_1761264108613
4000|dark_hours_4000_1761571342950
4001|house_flipper_2_4001_1761571418610
4002|godbreakers_4002_1761571480336
4003|pizza_deathlivery_4003_1761571574140
4004|tinkerlands_4004_1761571656222
4005|stranded_deep_4005_1761571723806
4006|survival_machine_4006_1761571814787
4007|fear_combat_4007_1761571934625
4008|legend_of_ymir_4008_1761578473288
4009|vein_4009_1761579043813
4010|species:_unknown_4010_1761581478345
4012|default
4013|absolum_4013_1761664804288
4015|duet_night_abyss_4015_1761665452783
4016|rv_there_yet_4016_1761670871439
4018|oh_baby_kart_4018_1761757863135
4022|netsoccer2_4022_1761774587495
4024|blue_protocol:_star_resonance_(tw)_4024_1761860627900
4025|vampire_survivors_4025_1761866980070
4026|jump_king_quest_4026_1761919929675
4027|wobbly_life_4027_1761931967209
4029|bigfoot_4029_1762018876539
4030|haste_4030_1762019179683
4031|mahjong_soul_4031_1762019311939
4032|tropico_6_4032_1762019563548
4033|songs_of_conquest_4033_1762019754314
4034|root_4034_1762019908901
4035|plague_inc:_evolved_4035_1762020083415
4036|painkiller_4036_1762020297446
4037|overcooked!_all_you_can_eat_4037_1762020481878
4038|mechwarrior_5:_mercenaries_4038_1762020641430
4039|avatar:_frontiers_of_pandora_4039_1762193587348
4040|escape_simulator_2_4040_1762193912042
4041|powerwash_simulator_2_4041_1762194237467
4042|remain_4042_1762194777251
4043|code_of_war_4043_1762208353798
4044|captain_tsubasa:_rise_of_new_champions_4044_1762291083963
4051|game_test_2_4051_1762526722665.jpeg
4052|for_the_king_4052_1762534103669
4053|for_the_king_ii_4053_1762534352585
4054|dream_eaters_4054_1762534631526
4055|who's_your_daddy_4055_1762535002385
4056|biped_2_4056_1762535289278
4057|backseat_drivers_4057_1762535559353
4067|ale_&_tale_tavern_4067_1762555183422
4071|dinkum_4071_1762555729818
4077|firefighting_simulator:_ignite_4077_1762557431576
4080|sins_of_a_solar_empire_ii_4080_1762559609161
4083|the_planet_crafter_4083_1762644616317
4084|7_days_blood_moons_4084_1762644805275
4085|mars_first_logistics_4085_1762645358110
4086|goblin_cleanup_4086_1762645693824
4087|vivid_world_4087_1762645932518
4088|daemon_x_machina:_titanic_scion_4088_1762646144839
4089|travellers_rest_4089_1762646457073
4091|my_singing_monsters_4091_1762646815583
4092|q-up_4092_1762646971971
4093|keep_digging_4093_1762647167283
4094|lego_voyagers_4094_1762647325346
4095|out_of_ore_4095_1762712927012
4096|voidtrain_4096_1762784902396
4097|europa_universalis_v_4097_1762788113920
4098|sonic_rumble_4098_1762794307283
4099|aska_4099_1762796611959
4100|incursion_red_river_4100_1762893517746
4111|eternum_online_4111_1762955697989
4121|aion2_4121_1762962407403
4122|aion_2_tw_4122_1762962983204
4125|hunter_roulette_4125_1763066798712
4126|anno_117:_pax_romana_4126_1763072007459
4127|garden_paws_4127_1763087777803
4128|talisman:_digital_5th_edition_4128_1763088249823
4129|gwent:_the_witcher_card_game_4129_1763088848399
4130|injustice_2_4130_1763091425810
4131|dragon_raja_4131_1763094223308
4132|inazuma_eleven:_victory_road_4132_1763095491753
4133|sacred_2_remaster_4133_1763097409242
4134|nascar_25_4134_1763099428197
4135|wolfquest:_anniversary_edition_4135_1763101673944
4136|salt_2:_shores_of_gold_4136_1763103172947
4137|ratatan_4137_1763103700270
4138|carry_the_glass_4138_1763103815851
4139|seven_knights_rebirth_4139_1763104091162
4140|space_hulk:_deathwing_enhanced_edition_4140_1763104311564.jpeg
4141|puppet_master_the_game_4141_1763104514371
4142|call_to_arms:_panzer_elite_4142_1763105874145
4143|wingspan_4143_1763106534386
4144|zort_4144_1763107531617
4145|where_winds_meet_4145_1763139917784
4146|scp:_containment_breach_multiplayer_4146_1763140183939
4150|yapyap_4150_1763251780637
4157|mu:_dark_epoch_4157_1763318542472
4173|secret_neighbor:_hello_neighbor_multiplayer_4173_1763385631527
4178|dead_space_3_4178_1763746852793
4179|idol_party_2_-_love_vibe_4179_1763747491349
4180|raiders_of_blackveil_4180_1763747676200
4181|intruder_4181_1763747993060
4182|geoguessr_steam_edition_4182_1763748358225
4196|cabal_red_4196_1764015410564
4199|ragnarok_landverse_america_4199_1764025899423
4200|solo_leveling:_arise_overdrive_4200_1764087584901
4202|restaurats_4202_1764092849077
4211|ragnarok_online_japan_4211_1764125621964
4212|seefight_3d_4212_1764169734522
4215|urban_rivals_4215_1764185245955
4216|cricket_26_4216_1764188547298
4220|duckduckgo_4220_1764251507041
4222|final_fantasy_xiv_tw_4222_1765380509115
4229|game_test_6_4229_1764286173077
4238|guild_wars_reforged_4238_1764982240300.jpeg
4239|launcher_wuwa_4239_1765307132684
4240|scrap_mechanic_4240_1765553333973
4241|subspace_continuum_4241_1765556115189
4242|wizard_with_a_gun_4242_1765556724555
4243|professional_fishing_2_4243_1765557170980
4244|forefront_4244_1765557765030
4245|elven_assassin_4245_1765558069678
4246|ranch_simulator:_build,_hunt,_farm_4246_1765558415919
4247|zero_caliber_2_4247_1765559011118
4248|over_the_top:_wwi_4248_1765560204619
4249|drunken_wrestlers_2_4249_1765561006225
4250|descenders_4250_1765561572849
4251|cloudheim_4251_1765563156328
4252|pubg:_black_budget_4252_1770300649512
4281|ashes_of_creation_ru_4281_1766082254828
4285|game_test_7_4285_1766104852266
4287|songs_of_silence_4287_1766148107861.jpeg
4289|project_zeta_4289_1766174311451
4291|rogue_heroes:_ruins_of_tasos_4291_1766445625285
4292|animalia_survival_4292_1766446856992
4293|trine_enchanted_edition_4293_1766447073039
4294|warhammer_the_horus_heresy:_legions_4294_1766447343651
4295|ark_recode_4295_1766447476710
4296|alchemy_factory_4296_1766447801458
4297|slappyball_4297_1766447986643
4301|ultimate_chicken_horse_4301_1767364187663
4302|project_motor_racing_4302_1767365225552
4303|songs_of_silence_4303_1767366068962
4313|dreadmyst_4313_1767705424231
4314|dunecrawl_4314_1767710873046
4315|winds_of_valen_4315_1767718913109
4318|starrupture_4318_1767730160048
4321|primal_carnage:_extinction_4321_1767790031195
4323|heartopia_4323_1767795329831
4324|silver_and_blood_4324_1767801096204
4325|diep.io_4325_1767802269915
4326|magic_chess:_go_go_4326_1767804014892
4327|momentum_mod_4327_1767805120092
4328|past_fate_4328_1767810882431
4332|sengoku_dynasty_4332_1767834098944
4333|boundless_4333_1767835318160
4334|ryzom_4334_1767836326966
4335|cursed_companions_4335_1767836756304
4336|darwin_project_4336_1767839352811
4337|farm_together_4337_1767840732804
4338|nuclear_nightmare_4338_1767842073985
4339|sackboy:_a_big_adventure_4339_1767843676979
4350|hytale_4350_1768140715458
4374|rmc_launcher_4374_1768245515367
4377|lordnine_-_emulators_4377_1768271431215
4378|far_far_west_4378_1768309600494
4379|erinia_4379_1768323996748
4380|battalion:_legacy_4380_1768389731641
4381|laghaim_4381_1768390754419
4382|faeria_4382_1768392338581
4383|storebound_4383_1768395035237
4384|king_of_crabs_4384_1768395841960
4385|brain_show:_party_game_4385_1768397536478
4389|digital_paint:_paintball_2.0_4389_1768495502793
4391|blue_protocol:_star_resonance_sea_4391_1768497381295
4392|trine_4:_the_nightmare_prince_4392_1768498237502
4393|fantasy_online_2_4393_1768498866414
4394|world_war_legion_4394_1768499003543
4395|operator_4395_1768499155826
4396|nine-ball_roulette_4396_1768499482920
4397|sigame_4397_1768499622456
4398|overfield_4398_1768499856293
4399|knightfall:_a_daring_journey_4399_1768499989515
4401|dungeons_of_eternity_4401_1768507994447
4402|rise_of_agon_4402_1768515300457
4433|dzsa_launcher_4433_1768846491379
4437|skill_legends_royale_4437_1769036893441
4438|raceroom_racing_experience_4438_1769037108394
4439|dark_december_4439_1769037373389
4440|turnbound_4440_1769037814506
4441|the_gold_river_project_4441_1769038302347
4442|surfpunk_4442_1769038789069
4443|flyknight_4443_1769039234620
4444|dragonsword_4444_1769039886085
4445|arknights_endfield_4445_1769083049514
4447|nba2k_online_4447_1769101688541
4448|scarlet_blade_4448_1769102052856.jpeg
4449|call_of_duty:_infinite_warfare_4449_1769102677162
4450|call_of_duty:_world_at_war_4450_1769103099811
4451|lort_4451_1769110276982
4452|vrchat_ru_4452_1769110901617
4456|mortal_kombat_x_4456_1769182743576
4457|duel_corp._4457_1769189488447
4458|project_cataclysm_4458_1769189657759
4459|guardians_frontline_4459_1769189959035
4460|no_rest_for_the_wicked_4460_1769191149204
4461|rodina_rp_4461_1769192543836
4462|bummer_rust_4462_1769192927271
4463|endless_legend_2_4463_1769193980285
4472|arma_reforger_ru_4472_1769430566644
4481|highguard_4481_1769451142565
4482|the_binding_of_isaac:_rebirth_4482_1769457653640
4483|out_of_action_4483_1769459547694
4484|lineage_classic_4484_1769617896307
4485|vno_-_gta5_4485_1769624865942
4486|nioh_3_4486_1769684645532
4487|viractal:_will_you_trust_your_party_4487_1769688929049
4488|echoes_of_elysium_4488_1769696131021
4489|nioh_2_4489_1769696315841
4490|space_aces_4490_1769707472647
4491|mystina_online_4491_1769723272768
4492|lanesplit_4492_1769723443489
4493|skullgirls_2nd_encore_4493_1769723812145
4494|nords_heroes_of_the_north_4494_1769724115979
4495|feign_4495_1769724394319.jpeg
4496|codename_cure_4496_1769724771556
4497|zombie_panic!_source_4497_1769725113514
4498|automobilista_2_4498_1769725537321
4499|gryphline_4499_1769793921074
4531|age_of_astir_4531_1770136850668
4534|the_midnight_walkers_4534_1770176760919
4535|wartune_4535_1770177974781
4536|gauntlet_slayer_edition_4536_1770201573416
4537|sea_of_legend_4537_1770201776640
4539|vampires:_bloodlord_rising_4539_1770231741395
4540|moros_protocol_4540_1770231971937
4541|downfall_mmorpg_4541_1770232138694
4542|dungeon_rampage_4542_1770232359487
4543|eldegarde_4543_1770233497839
4544|running_with_rifles_4544_1770233887621
4545|avorion_4545_1770234193997
4546|webzen_launcher_4546_1770234744280
4548|pubg:_blindspot_4548_1770293362032
4551|afterblast_4551_1770400457456
4552|blockade_4552_1770400608533
4553|bus:_bro_u_survived_4553_1770400914118
4554|wrc_9_fia_world_rally_championship_4554_1770402150641
4563|default
4571|il-2_sturmovik_4571_1770737063454
4572|nuclear_option_4572_1770744288937
4573|killer_inn_4573_1770744619217
4575|9dragons_4575_1770763035745
4576|nc_purple_ru_4576_1770815757204.jpeg
4577|burglin'_gnomes_4577_1770817991912
4578|circle_empires_2_4578_1770821190620
4579|beyond_all_reason_ru_4579_1770823636063
4580|dragon_traveler_4580_1770825680190
4583|touge_shakai_4583_1770911688660
4584|born_again_4584_1770911895393
4585|ragtag_heroes_:_co-op_deckbuilder_4585_1770912121360
4586|car_service_together_4586_1770912307828
4587|flatout_2_4587_1770912463146
4588|roadside_research_4588_1770912850949
4589|smack_talk_4589_1770913019738
4590|super_dancer_online_4590_1770913208773
4591|equinox:_homecoming_4591_1770914693232
4592|arena_breakout_infinite_ashburn_4592_1771013765491
4624|messenger_4624_1771605417129
4625|google_play_games_beta_ru_4625_1771619556054
4626|special_force_launcher_4626_1771690216704
4627|_age_of_empires_online_project_celeste_4627_1771860438127
4628|darkhaven_4628_1771867955380
4629|might_and_magic_fates_-_heroes_tgc_4629_1771957255036
4635|delta_force_cn_4635_1772127065086
4636|resident_evil_outbreak_4636_1772463184277
4637|black_desert_private_4637_1772142465980
4638|spellcasters_chronicles_4638_1772142695203
4640|hit_2_4640_1772217738310
4641|bidking_4641_1772459548621
4642|mir_tankov_4642_1772472736443
4643|reanimal_4643_1772473230547
4644|black_desert_mobile_(kr)_pc_version_4644_1772566494595
4662|slay_the_spire_2_4662_1772756435990
4677|super_battle_golf_4677_1772816903661
4678|stormshot_4678_1772817613963
4679|farever_4679_1772817939705.jpeg
4680|synthetik:_legion_rising_4680_1772818274431
4681|iverian_wars:_craxion_vs_defugel_4681_1772818809165
4682|fpv_kamikaze_drone_4682_1772819725433
4683|crime_simulator:_playgrounds_4683_1772819899747
4684|the_legacy_4684_1772820200702
4685|project_rebearth_4685_1772822676796
4686|war_of_dots_4686_1772823032614
4687|kingdoms_reborn_4687_1772823395261
4688|cossacks_3_4688_1772823667669
4689|windrose_4689_1772823891899
4690|scp:_containment_breach_2_4690_1772824073281
4691|last_z:survival_shooter_4691_1772824609598
4692|little_big_snake_4692_1772824980725
4693|play_together_4693_1772829663273
4697|pride_launcher_4697_1773327362650
4698|rocket_bot_royale_4698_1773328289202
4699|dreamworld:_sandbox_mmo_4699_1773328695947
4700|rewind_99_4700_1773328894432
4701|mama's_sleeping_angels_4701_1773329135920
4702|freedunk_4702_1773329357636
4713|nakwon:_last_paradise_4713_1773351409971
4714|john_carpenter's_toxic_commando_4714_1773413463657
4715|uno_4715_1773419306144
4716|_nebulous:_fleet_command_4716_1773422214885
4717|twilight_struggle_4717_1773424331797
4718|bopl_battle_4718_1773425037522
4720|go_ape_ship!_4720_1773427829290
4721|wwe_2k26_4721_1773431817183
4722|sd_gundam_online_private_4722_1773432318554
4723|the_seven_deadly_sins:_origin_4723_1773775850839
4734|dragonkin:_the_banished_4734_1773940642251
4735|wizard_of_legend_2_4735_1774274144370
4736|farm_together_2_4736_1774274360080
4737|old_market_simulator_4737_1774274590462
4738|rogue_point_4738_1774275274918
4739|red_orchestra_2:_heroes_of_stalingrad_with_rising_storm_4739_1774298636208
4741|ragnarok_origin_classic_4741_1774535529352
4744|ultimate_marvel_vs._capcom_3_4744_1774636361022
4745|mxgp3_-_the_official_motocross_videogame_4745_1774636699412
4746|log_riders_4746_1774636895005
4747|starsavior_4747_1774637222242
4748|styx:_shards_of_darkness_4748_1774637432701
4749|battleblock_theater_4749_1774637551573
4750|starbound_4750_1774638031902
4751|senpa.io_4751_1774638286539
4752|liar's_bar_4752_1774638426551
4753|apocalypse_party_4753_1774638602967
4754|rusted_warfare_-_rts_4754_1774639175031
4755|scam_line_4755_1774639227870
4756|clone_drone_in_the_danger_zone_4756_1774639352686
4757|teardown_4757_1774639651087
4758|screamer_4758_1774639893368
4759|summon:_joint_escape_4759_1774640296894
4760|mall_rivals_4760_1774640437246
4761|island_market_simulator_4761_1774641097289
4763|ride_5_4763_1774642519284
4767|storia_online_4767_1774905600618
4768|eville_4768_1774905768203
4769|naica_online_4769_1774905857631
4770|rooftops_&_alleys:_the_parkour_game_4770_1774905982582
4774|voodoo_fishin'_4774_1775089892633
4775|eversiege:_untold_ages_4775_1775146290515
4776|chained_wheels_4776_1775146451233
4777|cooking_simulator_2:_better_together_4777_1775146622904
4778|virtual_cottage_2_4778_1775147665033
4779|i_know_a_guy:_shady_life_simulator_4779_1775147866056
4780|claude_4780_1775148463182
4781|project:_playtime_4781_1775148767766
4799|aoforever_4799_1775584623505
4800|arduz_argentum_online_4800_1775588860943
4803|revival_online_4803_1775662268757
4804|kicks_online_4804_1775685256770
4805|puzzle_together_multiplayer_jigsaw_puzzles_4805_1775822914624
4806|night_shippers_4806_1775823201407
4807|namakorium_4807_1775824043657
4808|the_guild_3_4808_1775824404383
4809|crystalfall_4809_1775826488281
4810|dungeons_3_4810_1775830633708
4811|mega_man_star_force_legacy_collection_4811_1775833889296
4813|the_karters_2:_turbo_charged_4813_1775839963162
4828|honor_of_kings_wolrd_4828_1776088508068
4848|deco_online_4848_1776106637448
4849|unloved_4849_1776110436498
